trade_date,run_key,pair_name,spot_symbol,future_symbol,entry_threshold_pct,min_effective_tick_multiple,spot_order_qty,future_order_qty,future_pnl_multiplier,daily_config_path
2026-05-21,2026-05-21::1303_CAFE6,1303_CAFE6,1303,CAFE6,0.013,2.0,2000,1,2000,/home/zoufuc/hftbacktest/future_spot/output/hbt_daily_full_market_20260521_20260526/daily_configs/arbitrage_config_20260521.json
2026-05-21,2026-05-21::2324_CGFE6,2324_CGFE6,2324,CGFE6,0.013,2.0,2000,1,2000,/home/zoufuc/hftbacktest/future_spot/output/hbt_daily_full_market_20260521_20260526/daily_configs/arbitrage_config_20260521.json
2026-05-21,2026-05-21::2409_CHFE6,2409_CHFE6,2409,CHFE6,0.013,2.0,2000,1,2000,/home/zoufuc/hftbacktest/future_spot/output/hbt_daily_full_market_20260521_20260526/daily_configs/arbitrage_config_20260521.json
2026-05-21,2026-05-21::1605_CSFF6,1605_CSFF6,1605,CSFF6,0.013,2.0,2000,1,2000,/home/zoufuc/hftbacktest/future_spot/output/hbt_daily_full_market_20260521_20260526/daily_configs/arbitrage_config_20260521.json
2026-05-21,2026-05-21::2408_CYFE6,2408_CYFE6,2408,CYFE6,0.013,2.0,2000,1,2000,/home/zoufuc/hftbacktest/future_spot/output/hbt_daily_full_market_20260521_20260526/daily_configs/arbitrage_config_20260521.json
2026-05-21,2026-05-21::2603_CZFE6,2603_CZFE6,2603,CZFE6,0.013,2.0,2000,1,2000,/home/zoufuc/hftbacktest/future_spot/output/hbt_daily_full_market_20260521_20260526/daily_configs/arbitrage_config_20260521.json
2026-05-21,2026-05-21::2609_DAFF6,2609_DAFF6,2609,DAFF6,0.013,2.0,2000,1,2000,/home/zoufuc/hftbacktest/future_spot/output/hbt_daily_full_market_20260521_20260526/daily_configs/arbitrage_config_20260521.json
2026-05-21,2026-05-21::2317_DHFE6,2317_DHFE6,2317,DHFE6,0.013,2.0,2000,1,2000,/home/zoufuc/hftbacktest/future_spot/output/hbt_daily_full_market_20260521_20260526/daily_configs/arbitrage_config_20260521.json
2026-05-21,2026-05-21::2337_DIFE6,2337_DIFE6,2337,DIFE6,0.013,2.0,2000,1,2000,/home/zoufuc/hftbacktest/future_spot/output/hbt_daily_full_market_20260521_20260526/daily_configs/arbitrage_config_20260521.json
2026-05-21,2026-05-21::3481_DQFE6,3481_DQFE6,3481,DQFE6,0.013,2.0,2000,1,2000,/home/zoufuc/hftbacktest/future_spot/output/hbt_daily_full_market_20260521_20260526/daily_configs/arbitrage_config_20260521.json
2026-05-21,2026-05-21::3231_DXFF6,3231_DXFF6,3231,DXFF6,0.013,2.0,2000,1,2000,/home/zoufuc/hftbacktest/future_spot/output/hbt_daily_full_market_20260521_20260526/daily_configs/arbitrage_config_20260521.json
2026-05-21,2026-05-21::2027_FEFF6,2027_FEFF6,2027,FEFF6,0.013,2.0,2000,1,2000,/home/zoufuc/hftbacktest/future_spot/output/hbt_daily_full_market_20260521_20260526/daily_configs/arbitrage_config_20260521.json
2026-05-21,2026-05-21::2301_FQFF6,2301_FQFF6,2301,FQFF6,0.013,2.0,2000,1,2000,/home/zoufuc/hftbacktest/future_spot/output/hbt_daily_full_market_20260521_20260526/daily_configs/arbitrage_config_20260521.json
2026-05-21,2026-05-21::2313_FTFE6,2313_FTFE6,2313,FTFE6,0.013,2.0,2000,1,2000,/home/zoufuc/hftbacktest/future_spot/output/hbt_daily_full_market_20260521_20260526/daily_configs/arbitrage_config_20260521.json
2026-05-21,2026-05-21::2344_FZFE6,2344_FZFE6,2344,FZFE6,0.013,2.0,2000,1,2000,/home/zoufuc/hftbacktest/future_spot/output/hbt_daily_full_market_20260521_20260526/daily_configs/arbitrage_config_20260521.json
2026-05-21,2026-05-21::2449_GRFF6,2449_GRFF6,2449,GRFF6,0.013,2.0,2000,1,2000,/home/zoufuc/hftbacktest/future_spot/output/hbt_daily_full_market_20260521_20260526/daily_configs/arbitrage_config_20260521.json
2026-05-21,2026-05-21::2455_GUFE6,2455_GUFE6,2455,GUFE6,0.013,2.0,2000,1,2000,/home/zoufuc/hftbacktest/future_spot/output/hbt_daily_full_market_20260521_20260526/daily_configs/arbitrage_config_20260521.json
2026-05-21,2026-05-21::2481_GYFE6,2481_GYFE6,2481,GYFE6,0.013,2.0,2000,1,2000,/home/zoufuc/hftbacktest/future_spot/output/hbt_daily_full_market_20260521_20260526/daily_configs/arbitrage_config_20260521.json
2026-05-21,2026-05-21::2485_GZFE6,2485_GZFE6,2485,GZFE6,0.013,2.0,2000,1,2000,/home/zoufuc/hftbacktest/future_spot/output/hbt_daily_full_market_20260521_20260526/daily_configs/arbitrage_config_20260521.json
2026-05-21,2026-05-21::2489_HAFE6,2489_HAFE6,2489,HAFE6,0.013,2.0,2000,1,2000,/home/zoufuc/hftbacktest/future_spot/output/hbt_daily_full_market_20260521_20260526/daily_configs/arbitrage_config_20260521.json
2026-05-21,2026-05-21::2498_HCFE6,2498_HCFE6,2498,HCFE6,0.013,2.0,2000,1,2000,/home/zoufuc/hftbacktest/future_spot/output/hbt_daily_full_market_20260521_20260526/daily_configs/arbitrage_config_20260521.json
2026-05-21,2026-05-21::3006_IIFE6,3006_IIFE6,3006,IIFE6,0.013,2.0,2000,1,2000,/home/zoufuc/hftbacktest/future_spot/output/hbt_daily_full_market_20260521_20260526/daily_configs/arbitrage_config_20260521.json
2026-05-21,2026-05-21::3036_IQFF6,3036_IQFF6,3036,IQFF6,0.013,2.0,2000,1,2000,/home/zoufuc/hftbacktest/future_spot/output/hbt_daily_full_market_20260521_20260526/daily_configs/arbitrage_config_20260521.json
2026-05-21,2026-05-21::3037_IRFE6,3037_IRFE6,3037,IRFE6,0.013,2.0,2000,1,2000,/home/zoufuc/hftbacktest/future_spot/output/hbt_daily_full_market_20260521_20260526/daily_configs/arbitrage_config_20260521.json
2026-05-21,2026-05-21::3042_ITFF6,3042_ITFF6,3042,ITFF6,0.013,2.0,2000,1,2000,/home/zoufuc/hftbacktest/future_spot/output/hbt_daily_full_market_20260521_20260526/daily_configs/arbitrage_config_20260521.json
2026-05-21,2026-05-21::3189_IXFE6,3189_IXFE6,3189,IXFE6,0.013,2.0,2000,1,2000,/home/zoufuc/hftbacktest/future_spot/output/hbt_daily_full_market_20260521_20260526/daily_configs/arbitrage_config_20260521.json
2026-05-21,2026-05-21::3673_JNFE6,3673_JNFE6,3673,JNFE6,0.013,2.0,2000,1,2000,/home/zoufuc/hftbacktest/future_spot/output/hbt_daily_full_market_20260521_20260526/daily_configs/arbitrage_config_20260521.json
2026-05-21,2026-05-21::6239_KCFF6,6239_KCFF6,6239,KCFF6,0.013,2.0,2000,1,2000,/home/zoufuc/hftbacktest/future_spot/output/hbt_daily_full_market_20260521_20260526/daily_configs/arbitrage_config_20260521.json
2026-05-21,2026-05-21::6285_KGFF6,6285_KGFF6,6285,KGFF6,0.013,2.0,2000,1,2000,/home/zoufuc/hftbacktest/future_spot/output/hbt_daily_full_market_20260521_20260526/daily_configs/arbitrage_config_20260521.json
2026-05-21,2026-05-21::1802_KUFE6,1802_KUFE6,1802,KUFE6,0.013,2.0,2000,1,2000,/home/zoufuc/hftbacktest/future_spot/output/hbt_daily_full_market_20260521_20260526/daily_configs/arbitrage_config_20260521.json
2026-05-21,2026-05-21::4958_LUFE6,4958_LUFE6,4958,LUFE6,0.013,2.0,2000,1,2000,/home/zoufuc/hftbacktest/future_spot/output/hbt_daily_full_market_20260521_20260526/daily_configs/arbitrage_config_20260521.json
2026-05-21,2026-05-21::2327_LXFE6,2327_LXFE6,2327,LXFE6,0.013,2.0,2000,1,2000,/home/zoufuc/hftbacktest/future_spot/output/hbt_daily_full_market_20260521_20260526/daily_configs/arbitrage_config_20260521.json
2026-05-21,2026-05-21::2355_MBFE6,2355_MBFE6,2355,MBFE6,0.013,2.0,2000,1,2000,/home/zoufuc/hftbacktest/future_spot/output/hbt_daily_full_market_20260521_20260526/daily_configs/arbitrage_config_20260521.json
2026-05-21,2026-05-21::5347_NLFF6,5347_NLFF6,5347,NLFF6,0.013,2.0,2000,1,2000,/home/zoufuc/hftbacktest/future_spot/output/hbt_daily_full_market_20260521_20260526/daily_configs/arbitrage_config_20260521.json
2026-05-21,2026-05-21::6147_NSFE6,6147_NSFE6,6147,NSFE6,0.013,2.0,2000,1,2000,/home/zoufuc/hftbacktest/future_spot/output/hbt_daily_full_market_20260521_20260526/daily_configs/arbitrage_config_20260521.json
2026-05-21,2026-05-21::3711_OZFF6,3711_OZFF6,3711,OZFF6,0.013,2.0,2000,1,2000,/home/zoufuc/hftbacktest/future_spot/output/hbt_daily_full_market_20260521_20260526/daily_configs/arbitrage_config_20260521.json
2026-05-21,2026-05-21::5425_PEFE6,5425_PEFE6,5425,PEFE6,0.013,2.0,2000,1,2000,/home/zoufuc/hftbacktest/future_spot/output/hbt_daily_full_market_20260521_20260526/daily_configs/arbitrage_config_20260521.json
2026-05-21,2026-05-21::1717_QOFE6,1717_QOFE6,1717,QOFE6,0.013,2.0,2000,1,2000,/home/zoufuc/hftbacktest/future_spot/output/hbt_daily_full_market_20260521_20260526/daily_configs/arbitrage_config_20260521.json
2026-05-21,2026-05-21::2388_QWFF6,2388_QWFF6,2388,QWFF6,0.013,2.0,2000,1,2000,/home/zoufuc/hftbacktest/future_spot/output/hbt_daily_full_market_20260521_20260526/daily_configs/arbitrage_config_20260521.json
2026-05-21,2026-05-21::6770_QZFE6,6770_QZFE6,6770,QZFE6,0.013,2.0,2000,1,2000,/home/zoufuc/hftbacktest/future_spot/output/hbt_daily_full_market_20260521_20260526/daily_configs/arbitrage_config_20260521.json
2026-05-21,2026-05-21::4919_REFE6,4919_REFE6,4919,REFE6,0.013,2.0,2000,1,2000,/home/zoufuc/hftbacktest/future_spot/output/hbt_daily_full_market_20260521_20260526/daily_configs/arbitrage_config_20260521.json
2026-05-21,2026-05-21::6443_RLFE6,6443_RLFE6,6443,RLFE6,0.013,2.0,2000,1,2000,/home/zoufuc/hftbacktest/future_spot/output/hbt_daily_full_market_20260521_20260526/daily_configs/arbitrage_config_20260521.json
2026-05-21,2026-05-21::2367_VBFF6,2367_VBFF6,2367,VBFF6,0.013,2.0,2000,1,2000,/home/zoufuc/hftbacktest/future_spot/output/hbt_daily_full_market_20260521_20260526/daily_configs/arbitrage_config_20260521.json
2026-05-22,2026-05-22::1303_CAFF6,1303_CAFF6,1303,CAFF6,0.013,2.0,2000,1,2000,/home/zoufuc/hftbacktest/future_spot/output/hbt_daily_full_market_20260521_20260526/daily_configs/arbitrage_config_20260522.json
2026-05-22,2026-05-22::2324_CGFF6,2324_CGFF6,2324,CGFF6,0.013,2.0,2000,1,2000,/home/zoufuc/hftbacktest/future_spot/output/hbt_daily_full_market_20260521_20260526/daily_configs/arbitrage_config_20260522.json
2026-05-22,2026-05-22::2409_CHFF6,2409_CHFF6,2409,CHFF6,0.013,2.0,2000,1,2000,/home/zoufuc/hftbacktest/future_spot/output/hbt_daily_full_market_20260521_20260526/daily_configs/arbitrage_config_20260522.json
2026-05-22,2026-05-22::1605_CSFF6,1605_CSFF6,1605,CSFF6,0.013,2.0,2000,1,2000,/home/zoufuc/hftbacktest/future_spot/output/hbt_daily_full_market_20260521_20260526/daily_configs/arbitrage_config_20260522.json
2026-05-22,2026-05-22::2408_CYFF6,2408_CYFF6,2408,CYFF6,0.013,2.0,2000,1,2000,/home/zoufuc/hftbacktest/future_spot/output/hbt_daily_full_market_20260521_20260526/daily_configs/arbitrage_config_20260522.json
2026-05-22,2026-05-22::2603_CZFF6,2603_CZFF6,2603,CZFF6,0.013,2.0,2000,1,2000,/home/zoufuc/hftbacktest/future_spot/output/hbt_daily_full_market_20260521_20260526/daily_configs/arbitrage_config_20260522.json
2026-05-22,2026-05-22::2317_DHFF6,2317_DHFF6,2317,DHFF6,0.013,2.0,2000,1,2000,/home/zoufuc/hftbacktest/future_spot/output/hbt_daily_full_market_20260521_20260526/daily_configs/arbitrage_config_20260522.json
2026-05-22,2026-05-22::2337_DIFF6,2337_DIFF6,2337,DIFF6,0.013,2.0,2000,1,2000,/home/zoufuc/hftbacktest/future_spot/output/hbt_daily_full_market_20260521_20260526/daily_configs/arbitrage_config_20260522.json
2026-05-22,2026-05-22::2382_DKFF6,2382_DKFF6,2382,DKFF6,0.013,2.0,2000,1,2000,/home/zoufuc/hftbacktest/future_spot/output/hbt_daily_full_market_20260521_20260526/daily_configs/arbitrage_config_20260522.json
2026-05-22,2026-05-22::3481_DQFF6,3481_DQFF6,3481,DQFF6,0.013,2.0,2000,1,2000,/home/zoufuc/hftbacktest/future_spot/output/hbt_daily_full_market_20260521_20260526/daily_configs/arbitrage_config_20260522.json
2026-05-22,2026-05-22::2353_DSFF6,2353_DSFF6,2353,DSFF6,0.013,2.0,2000,1,2000,/home/zoufuc/hftbacktest/future_spot/output/hbt_daily_full_market_20260521_20260526/daily_configs/arbitrage_config_20260522.json
2026-05-22,2026-05-22::3231_DXFF6,3231_DXFF6,3231,DXFF6,0.013,2.0,2000,1,2000,/home/zoufuc/hftbacktest/future_spot/output/hbt_daily_full_market_20260521_20260526/daily_configs/arbitrage_config_20260522.json
2026-05-22,2026-05-22::2027_FEFF6,2027_FEFF6,2027,FEFF6,0.013,2.0,2000,1,2000,/home/zoufuc/hftbacktest/future_spot/output/hbt_daily_full_market_20260521_20260526/daily_configs/arbitrage_config_20260522.json
2026-05-22,2026-05-22::2301_FQFF6,2301_FQFF6,2301,FQFF6,0.013,2.0,2000,1,2000,/home/zoufuc/hftbacktest/future_spot/output/hbt_daily_full_market_20260521_20260526/daily_configs/arbitrage_config_20260522.json
2026-05-22,2026-05-22::2312_FSFF6,2312_FSFF6,2312,FSFF6,0.013,2.0,2000,1,2000,/home/zoufuc/hftbacktest/future_spot/output/hbt_daily_full_market_20260521_20260526/daily_configs/arbitrage_config_20260522.json
2026-05-22,2026-05-22::2313_FTFF6,2313_FTFF6,2313,FTFF6,0.013,2.0,2000,1,2000,/home/zoufuc/hftbacktest/future_spot/output/hbt_daily_full_market_20260521_20260526/daily_configs/arbitrage_config_20260522.json
2026-05-22,2026-05-22::2344_FZFF6,2344_FZFF6,2344,FZFF6,0.013,2.0,2000,1,2000,/home/zoufuc/hftbacktest/future_spot/output/hbt_daily_full_market_20260521_20260526/daily_configs/arbitrage_config_20260522.json
2026-05-22,2026-05-22::2377_GIFF6,2377_GIFF6,2377,GIFF6,0.013,2.0,2000,1,2000,/home/zoufuc/hftbacktest/future_spot/output/hbt_daily_full_market_20260521_20260526/daily_configs/arbitrage_config_20260522.json
2026-05-22,2026-05-22::2401_GNFF6,2401_GNFF6,2401,GNFF6,0.013,2.0,2000,1,2000,/home/zoufuc/hftbacktest/future_spot/output/hbt_daily_full_market_20260521_20260526/daily_configs/arbitrage_config_20260522.json
2026-05-22,2026-05-22::2449_GRFF6,2449_GRFF6,2449,GRFF6,0.013,2.0,2000,1,2000,/home/zoufuc/hftbacktest/future_spot/output/hbt_daily_full_market_20260521_20260526/daily_configs/arbitrage_config_20260522.json
2026-05-22,2026-05-22::2455_GUFF6,2455_GUFF6,2455,GUFF6,0.013,2.0,2000,1,2000,/home/zoufuc/hftbacktest/future_spot/output/hbt_daily_full_market_20260521_20260526/daily_configs/arbitrage_config_20260522.json
2026-05-22,2026-05-22::2481_GYFF6,2481_GYFF6,2481,GYFF6,0.013,2.0,2000,1,2000,/home/zoufuc/hftbacktest/future_spot/output/hbt_daily_full_market_20260521_20260526/daily_configs/arbitrage_config_20260522.json
2026-05-22,2026-05-22::2489_HAFF6,2489_HAFF6,2489,HAFF6,0.013,2.0,2000,1,2000,/home/zoufuc/hftbacktest/future_spot/output/hbt_daily_full_market_20260521_20260526/daily_configs/arbitrage_config_20260522.json
2026-05-22,2026-05-22::3006_IIFF6,3006_IIFF6,3006,IIFF6,0.013,2.0,2000,1,2000,/home/zoufuc/hftbacktest/future_spot/output/hbt_daily_full_market_20260521_20260526/daily_configs/arbitrage_config_20260522.json
2026-05-22,2026-05-22::3035_IPFF6,3035_IPFF6,3035,IPFF6,0.013,2.0,2000,1,2000,/home/zoufuc/hftbacktest/future_spot/output/hbt_daily_full_market_20260521_20260526/daily_configs/arbitrage_config_20260522.json
2026-05-22,2026-05-22::3037_IRFF6,3037_IRFF6,3037,IRFF6,0.013,2.0,2000,1,2000,/home/zoufuc/hftbacktest/future_spot/output/hbt_daily_full_market_20260521_20260526/daily_configs/arbitrage_config_20260522.json
2026-05-22,2026-05-22::3042_ITFF6,3042_ITFF6,3042,ITFF6,0.013,2.0,2000,1,2000,/home/zoufuc/hftbacktest/future_spot/output/hbt_daily_full_market_20260521_20260526/daily_configs/arbitrage_config_20260522.json
2026-05-22,2026-05-22::3189_IXFF6,3189_IXFF6,3189,IXFF6,0.013,2.0,2000,1,2000,/home/zoufuc/hftbacktest/future_spot/output/hbt_daily_full_market_20260521_20260526/daily_configs/arbitrage_config_20260522.json
2026-05-22,2026-05-22::3673_JNFF6,3673_JNFF6,3673,JNFF6,0.013,2.0,2000,1,2000,/home/zoufuc/hftbacktest/future_spot/output/hbt_daily_full_market_20260521_20260526/daily_configs/arbitrage_config_20260522.json
2026-05-22,2026-05-22::3702_JPFF6,3702_JPFF6,3702,JPFF6,0.013,2.0,2000,1,2000,/home/zoufuc/hftbacktest/future_spot/output/hbt_daily_full_market_20260521_20260526/daily_configs/arbitrage_config_20260522.json
2026-05-22,2026-05-22::6239_KCFF6,6239_KCFF6,6239,KCFF6,0.013,2.0,2000,1,2000,/home/zoufuc/hftbacktest/future_spot/output/hbt_daily_full_market_20260521_20260526/daily_configs/arbitrage_config_20260522.json
2026-05-22,2026-05-22::6271_KDFF6,6271_KDFF6,6271,KDFF6,0.013,2.0,2000,1,2000,/home/zoufuc/hftbacktest/future_spot/output/hbt_daily_full_market_20260521_20260526/daily_configs/arbitrage_config_20260522.json
2026-05-22,2026-05-22::6282_KFFF6,6282_KFFF6,6282,KFFF6,0.013,2.0,2000,1,2000,/home/zoufuc/hftbacktest/future_spot/output/hbt_daily_full_market_20260521_20260526/daily_configs/arbitrage_config_20260522.json
2026-05-22,2026-05-22::6285_KGFF6,6285_KGFF6,6285,KGFF6,0.013,2.0,2000,1,2000,/home/zoufuc/hftbacktest/future_spot/output/hbt_daily_full_market_20260521_20260526/daily_configs/arbitrage_config_20260522.json
2026-05-22,2026-05-22::1802_KUFF6,1802_KUFF6,1802,KUFF6,0.013,2.0,2000,1,2000,/home/zoufuc/hftbacktest/future_spot/output/hbt_daily_full_market_20260521_20260526/daily_configs/arbitrage_config_20260522.json
2026-05-22,2026-05-22::2356_LQFF6,2356_LQFF6,2356,LQFF6,0.013,2.0,2000,1,2000,/home/zoufuc/hftbacktest/future_spot/output/hbt_daily_full_market_20260521_20260526/daily_configs/arbitrage_config_20260522.json
2026-05-22,2026-05-22::4958_LUFF6,4958_LUFF6,4958,LUFF6,0.013,2.0,2000,1,2000,/home/zoufuc/hftbacktest/future_spot/output/hbt_daily_full_market_20260521_20260526/daily_configs/arbitrage_config_20260522.json
2026-05-22,2026-05-22::2327_LXFF6,2327_LXFF6,2327,LXFF6,0.013,2.0,2000,1,2000,/home/zoufuc/hftbacktest/future_spot/output/hbt_daily_full_market_20260521_20260526/daily_configs/arbitrage_config_20260522.json
2026-05-22,2026-05-22::2355_MBFF6,2355_MBFF6,2355,MBFF6,0.013,2.0,2000,1,2000,/home/zoufuc/hftbacktest/future_spot/output/hbt_daily_full_market_20260521_20260526/daily_configs/arbitrage_config_20260522.json
2026-05-22,2026-05-22::5347_NLFF6,5347_NLFF6,5347,NLFF6,0.013,2.0,2000,1,2000,/home/zoufuc/hftbacktest/future_spot/output/hbt_daily_full_market_20260521_20260526/daily_configs/arbitrage_config_20260522.json
2026-05-22,2026-05-22::6147_NSFF6,6147_NSFF6,6147,NSFF6,0.013,2.0,2000,1,2000,/home/zoufuc/hftbacktest/future_spot/output/hbt_daily_full_market_20260521_20260526/daily_configs/arbitrage_config_20260522.json
2026-05-22,2026-05-22::6116_OEFF6,6116_OEFF6,6116,OEFF6,0.013,2.0,2000,1,2000,/home/zoufuc/hftbacktest/future_spot/output/hbt_daily_full_market_20260521_20260526/daily_configs/arbitrage_config_20260522.json
2026-05-22,2026-05-22::5425_PEFF6,5425_PEFF6,5425,PEFF6,0.013,2.0,2000,1,2000,/home/zoufuc/hftbacktest/future_spot/output/hbt_daily_full_market_20260521_20260526/daily_configs/arbitrage_config_20260522.json
2026-05-22,2026-05-22::3714_QBFF6,3714_QBFF6,3714,QBFF6,0.013,2.0,2000,1,2000,/home/zoufuc/hftbacktest/future_spot/output/hbt_daily_full_market_20260521_20260526/daily_configs/arbitrage_config_20260522.json
2026-05-22,2026-05-22::1717_QOFF6,1717_QOFF6,1717,QOFF6,0.013,2.0,2000,1,2000,/home/zoufuc/hftbacktest/future_spot/output/hbt_daily_full_market_20260521_20260526/daily_configs/arbitrage_config_20260522.json
2026-05-22,2026-05-22::2388_QWFF6,2388_QWFF6,2388,QWFF6,0.013,2.0,2000,1,2000,/home/zoufuc/hftbacktest/future_spot/output/hbt_daily_full_market_20260521_20260526/daily_configs/arbitrage_config_20260522.json
2026-05-22,2026-05-22::6770_QZFF6,6770_QZFF6,6770,QZFF6,0.013,2.0,2000,1,2000,/home/zoufuc/hftbacktest/future_spot/output/hbt_daily_full_market_20260521_20260526/daily_configs/arbitrage_config_20260522.json
2026-05-22,2026-05-22::4919_REFF6,4919_REFF6,4919,REFF6,0.013,2.0,2000,1,2000,/home/zoufuc/hftbacktest/future_spot/output/hbt_daily_full_market_20260521_20260526/daily_configs/arbitrage_config_20260522.json
2026-05-25,2026-05-25::1303_CAFF6,1303_CAFF6,1303,CAFF6,0.013,2.0,2000,1,2000,/home/zoufuc/hftbacktest/future_spot/output/hbt_daily_full_market_20260521_20260526/daily_configs/arbitrage_config_20260525.json
2026-05-25,2026-05-25::2324_CGFF6,2324_CGFF6,2324,CGFF6,0.013,2.0,2000,1,2000,/home/zoufuc/hftbacktest/future_spot/output/hbt_daily_full_market_20260521_20260526/daily_configs/arbitrage_config_20260525.json
2026-05-25,2026-05-25::2409_CHFF6,2409_CHFF6,2409,CHFF6,0.013,2.0,2000,1,2000,/home/zoufuc/hftbacktest/future_spot/output/hbt_daily_full_market_20260521_20260526/daily_configs/arbitrage_config_20260525.json
2026-05-25,2026-05-25::1605_CSFF6,1605_CSFF6,1605,CSFF6,0.013,2.0,2000,1,2000,/home/zoufuc/hftbacktest/future_spot/output/hbt_daily_full_market_20260521_20260526/daily_configs/arbitrage_config_20260525.json
2026-05-25,2026-05-25::2408_CYFF6,2408_CYFF6,2408,CYFF6,0.013,2.0,2000,1,2000,/home/zoufuc/hftbacktest/future_spot/output/hbt_daily_full_market_20260521_20260526/daily_configs/arbitrage_config_20260525.json
2026-05-25,2026-05-25::2603_CZFF6,2603_CZFF6,2603,CZFF6,0.013,2.0,2000,1,2000,/home/zoufuc/hftbacktest/future_spot/output/hbt_daily_full_market_20260521_20260526/daily_configs/arbitrage_config_20260525.json
2026-05-25,2026-05-25::2609_DAFF6,2609_DAFF6,2609,DAFF6,0.013,2.0,2000,1,2000,/home/zoufuc/hftbacktest/future_spot/output/hbt_daily_full_market_20260521_20260526/daily_configs/arbitrage_config_20260525.json
2026-05-25,2026-05-25::2317_DHFF6,2317_DHFF6,2317,DHFF6,0.013,2.0,2000,1,2000,/home/zoufuc/hftbacktest/future_spot/output/hbt_daily_full_market_20260521_20260526/daily_configs/arbitrage_config_20260525.json
2026-05-25,2026-05-25::2337_DIFF6,2337_DIFF6,2337,DIFF6,0.013,2.0,2000,1,2000,/home/zoufuc/hftbacktest/future_spot/output/hbt_daily_full_market_20260521_20260526/daily_configs/arbitrage_config_20260525.json
2026-05-25,2026-05-25::2382_DKFF6,2382_DKFF6,2382,DKFF6,0.013,2.0,2000,1,2000,/home/zoufuc/hftbacktest/future_spot/output/hbt_daily_full_market_20260521_20260526/daily_configs/arbitrage_config_20260525.json
2026-05-25,2026-05-25::3481_DQFF6,3481_DQFF6,3481,DQFF6,0.013,2.0,2000,1,2000,/home/zoufuc/hftbacktest/future_spot/output/hbt_daily_full_market_20260521_20260526/daily_configs/arbitrage_config_20260525.json
2026-05-25,2026-05-25::2353_DSFF6,2353_DSFF6,2353,DSFF6,0.013,2.0,2000,1,2000,/home/zoufuc/hftbacktest/future_spot/output/hbt_daily_full_market_20260521_20260526/daily_configs/arbitrage_config_20260525.json
2026-05-25,2026-05-25::2454_DVFF6,2454_DVFF6,2454,DVFF6,0.013,2.0,2000,1,2000,/home/zoufuc/hftbacktest/future_spot/output/hbt_daily_full_market_20260521_20260526/daily_configs/arbitrage_config_20260525.json
2026-05-25,2026-05-25::3231_DXFF6,3231_DXFF6,3231,DXFF6,0.013,2.0,2000,1,2000,/home/zoufuc/hftbacktest/future_spot/output/hbt_daily_full_market_20260521_20260526/daily_configs/arbitrage_config_20260525.json
2026-05-25,2026-05-25::2301_FQFF6,2301_FQFF6,2301,FQFF6,0.013,2.0,2000,1,2000,/home/zoufuc/hftbacktest/future_spot/output/hbt_daily_full_market_20260521_20260526/daily_configs/arbitrage_config_20260525.json
2026-05-25,2026-05-25::2312_FSFF6,2312_FSFF6,2312,FSFF6,0.013,2.0,2000,1,2000,/home/zoufuc/hftbacktest/future_spot/output/hbt_daily_full_market_20260521_20260526/daily_configs/arbitrage_config_20260525.json
2026-05-25,2026-05-25::2313_FTFF6,2313_FTFF6,2313,FTFF6,0.013,2.0,2000,1,2000,/home/zoufuc/hftbacktest/future_spot/output/hbt_daily_full_market_20260521_20260526/daily_configs/arbitrage_config_20260525.json
2026-05-25,2026-05-25::2344_FZFF6,2344_FZFF6,2344,FZFF6,0.013,2.0,2000,1,2000,/home/zoufuc/hftbacktest/future_spot/output/hbt_daily_full_market_20260521_20260526/daily_configs/arbitrage_config_20260525.json
2026-05-25,2026-05-25::2377_GIFF6,2377_GIFF6,2377,GIFF6,0.013,2.0,2000,1,2000,/home/zoufuc/hftbacktest/future_spot/output/hbt_daily_full_market_20260521_20260526/daily_configs/arbitrage_config_20260525.json
2026-05-25,2026-05-25::2401_GNFF6,2401_GNFF6,2401,GNFF6,0.013,2.0,2000,1,2000,/home/zoufuc/hftbacktest/future_spot/output/hbt_daily_full_market_20260521_20260526/daily_configs/arbitrage_config_20260525.json
2026-05-25,2026-05-25::2449_GRFF6,2449_GRFF6,2449,GRFF6,0.013,2.0,2000,1,2000,/home/zoufuc/hftbacktest/future_spot/output/hbt_daily_full_market_20260521_20260526/daily_configs/arbitrage_config_20260525.json
2026-05-25,2026-05-25::2481_GYFF6,2481_GYFF6,2481,GYFF6,0.013,2.0,2000,1,2000,/home/zoufuc/hftbacktest/future_spot/output/hbt_daily_full_market_20260521_20260526/daily_configs/arbitrage_config_20260525.json
2026-05-25,2026-05-25::2485_GZFF6,2485_GZFF6,2485,GZFF6,0.013,2.0,2000,1,2000,/home/zoufuc/hftbacktest/future_spot/output/hbt_daily_full_market_20260521_20260526/daily_configs/arbitrage_config_20260525.json
2026-05-25,2026-05-25::2618_HSFF6,2618_HSFF6,2618,HSFF6,0.013,2.0,2000,1,2000,/home/zoufuc/hftbacktest/future_spot/output/hbt_daily_full_market_20260521_20260526/daily_configs/arbitrage_config_20260525.json
2026-05-25,2026-05-25::3006_IIFF6,3006_IIFF6,3006,IIFF6,0.013,2.0,2000,1,2000,/home/zoufuc/hftbacktest/future_spot/output/hbt_daily_full_market_20260521_20260526/daily_configs/arbitrage_config_20260525.json
2026-05-25,2026-05-25::3035_IPFF6,3035_IPFF6,3035,IPFF6,0.013,2.0,2000,1,2000,/home/zoufuc/hftbacktest/future_spot/output/hbt_daily_full_market_20260521_20260526/daily_configs/arbitrage_config_20260525.json
2026-05-25,2026-05-25::3037_IRFF6,3037_IRFF6,3037,IRFF6,0.013,2.0,2000,1,2000,/home/zoufuc/hftbacktest/future_spot/output/hbt_daily_full_market_20260521_20260526/daily_configs/arbitrage_config_20260525.json
2026-05-25,2026-05-25::3042_ITFF6,3042_ITFF6,3042,ITFF6,0.013,2.0,2000,1,2000,/home/zoufuc/hftbacktest/future_spot/output/hbt_daily_full_market_20260521_20260526/daily_configs/arbitrage_config_20260525.json
2026-05-25,2026-05-25::3673_JNFF6,3673_JNFF6,3673,JNFF6,0.013,2.0,2000,1,2000,/home/zoufuc/hftbacktest/future_spot/output/hbt_daily_full_market_20260521_20260526/daily_configs/arbitrage_config_20260525.json
2026-05-25,2026-05-25::6282_KFFF6,6282_KFFF6,6282,KFFF6,0.013,2.0,2000,1,2000,/home/zoufuc/hftbacktest/future_spot/output/hbt_daily_full_market_20260521_20260526/daily_configs/arbitrage_config_20260525.json
2026-05-25,2026-05-25::6285_KGFF6,6285_KGFF6,6285,KGFF6,0.013,2.0,2000,1,2000,/home/zoufuc/hftbacktest/future_spot/output/hbt_daily_full_market_20260521_20260526/daily_configs/arbitrage_config_20260525.json
2026-05-25,2026-05-25::1802_KUFF6,1802_KUFF6,1802,KUFF6,0.013,2.0,2000,1,2000,/home/zoufuc/hftbacktest/future_spot/output/hbt_daily_full_market_20260521_20260526/daily_configs/arbitrage_config_20260525.json
2026-05-25,2026-05-25::2356_LQFF6,2356_LQFF6,2356,LQFF6,0.013,2.0,2000,1,2000,/home/zoufuc/hftbacktest/future_spot/output/hbt_daily_full_market_20260521_20260526/daily_configs/arbitrage_config_20260525.json
2026-05-25,2026-05-25::4958_LUFF6,4958_LUFF6,4958,LUFF6,0.013,2.0,2000,1,2000,/home/zoufuc/hftbacktest/future_spot/output/hbt_daily_full_market_20260521_20260526/daily_configs/arbitrage_config_20260525.json
2026-05-25,2026-05-25::2327_LXFF6,2327_LXFF6,2327,LXFF6,0.013,2.0,2000,1,2000,/home/zoufuc/hftbacktest/future_spot/output/hbt_daily_full_market_20260521_20260526/daily_configs/arbitrage_config_20260525.json
2026-05-25,2026-05-25::2355_MBFF6,2355_MBFF6,2355,MBFF6,0.013,2.0,2000,1,2000,/home/zoufuc/hftbacktest/future_spot/output/hbt_daily_full_market_20260521_20260526/daily_configs/arbitrage_config_20260525.json
2026-05-25,2026-05-25::5347_NLFF6,5347_NLFF6,5347,NLFF6,0.013,2.0,2000,1,2000,/home/zoufuc/hftbacktest/future_spot/output/hbt_daily_full_market_20260521_20260526/daily_configs/arbitrage_config_20260525.json
2026-05-25,2026-05-25::6147_NSFF6,6147_NSFF6,6147,NSFF6,0.013,2.0,2000,1,2000,/home/zoufuc/hftbacktest/future_spot/output/hbt_daily_full_market_20260521_20260526/daily_configs/arbitrage_config_20260525.json
2026-05-25,2026-05-25::6116_OEFF6,6116_OEFF6,6116,OEFF6,0.013,2.0,2000,1,2000,/home/zoufuc/hftbacktest/future_spot/output/hbt_daily_full_market_20260521_20260526/daily_configs/arbitrage_config_20260525.json
2026-05-25,2026-05-25::3711_OZFF6,3711_OZFF6,3711,OZFF6,0.013,2.0,2000,1,2000,/home/zoufuc/hftbacktest/future_spot/output/hbt_daily_full_market_20260521_20260526/daily_configs/arbitrage_config_20260525.json
2026-05-25,2026-05-25::5425_PEFF6,5425_PEFF6,5425,PEFF6,0.013,2.0,2000,1,2000,/home/zoufuc/hftbacktest/future_spot/output/hbt_daily_full_market_20260521_20260526/daily_configs/arbitrage_config_20260525.json
2026-05-25,2026-05-25::3714_QBFF6,3714_QBFF6,3714,QBFF6,0.013,2.0,2000,1,2000,/home/zoufuc/hftbacktest/future_spot/output/hbt_daily_full_market_20260521_20260526/daily_configs/arbitrage_config_20260525.json
2026-05-25,2026-05-25::1717_QOFF6,1717_QOFF6,1717,QOFF6,0.013,2.0,2000,1,2000,/home/zoufuc/hftbacktest/future_spot/output/hbt_daily_full_market_20260521_20260526/daily_configs/arbitrage_config_20260525.json
2026-05-25,2026-05-25::8150_QUFF6,8150_QUFF6,8150,QUFF6,0.013,2.0,2000,1,2000,/home/zoufuc/hftbacktest/future_spot/output/hbt_daily_full_market_20260521_20260526/daily_configs/arbitrage_config_20260525.json
2026-05-25,2026-05-25::2388_QWFF6,2388_QWFF6,2388,QWFF6,0.013,2.0,2000,1,2000,/home/zoufuc/hftbacktest/future_spot/output/hbt_daily_full_market_20260521_20260526/daily_configs/arbitrage_config_20260525.json
2026-05-25,2026-05-25::2615_QXFF6,2615_QXFF6,2615,QXFF6,0.013,2.0,2000,1,2000,/home/zoufuc/hftbacktest/future_spot/output/hbt_daily_full_market_20260521_20260526/daily_configs/arbitrage_config_20260525.json
2026-05-25,2026-05-25::6770_QZFF6,6770_QZFF6,6770,QZFF6,0.013,2.0,2000,1,2000,/home/zoufuc/hftbacktest/future_spot/output/hbt_daily_full_market_20260521_20260526/daily_configs/arbitrage_config_20260525.json
2026-05-25,2026-05-25::4919_REFF6,4919_REFF6,4919,REFF6,0.013,2.0,2000,1,2000,/home/zoufuc/hftbacktest/future_spot/output/hbt_daily_full_market_20260521_20260526/daily_configs/arbitrage_config_20260525.json
2026-05-25,2026-05-25::2367_VBFF6,2367_VBFF6,2367,VBFF6,0.013,2.0,2000,1,2000,/home/zoufuc/hftbacktest/future_spot/output/hbt_daily_full_market_20260521_20260526/daily_configs/arbitrage_config_20260525.json
2026-05-26,2026-05-26::1303_CAFF6,1303_CAFF6,1303,CAFF6,0.013,2.0,2000,1,2000,/home/zoufuc/hftbacktest/future_spot/output/hbt_daily_full_market_20260521_20260526/daily_configs/arbitrage_config_20260526.json
2026-05-26,2026-05-26::2002_CBFF6,2002_CBFF6,2002,CBFF6,0.013,2.0,2000,1,2000,/home/zoufuc/hftbacktest/future_spot/output/hbt_daily_full_market_20260521_20260526/daily_configs/arbitrage_config_20260526.json
2026-05-26,2026-05-26::2324_CGFF6,2324_CGFF6,2324,CGFF6,0.013,2.0,2000,1,2000,/home/zoufuc/hftbacktest/future_spot/output/hbt_daily_full_market_20260521_20260526/daily_configs/arbitrage_config_20260526.json
2026-05-26,2026-05-26::2409_CHFF6,2409_CHFF6,2409,CHFF6,0.013,2.0,2000,1,2000,/home/zoufuc/hftbacktest/future_spot/output/hbt_daily_full_market_20260521_20260526/daily_configs/arbitrage_config_20260526.json
2026-05-26,2026-05-26::1605_CSFF6,1605_CSFF6,1605,CSFF6,0.013,2.0,2000,1,2000,/home/zoufuc/hftbacktest/future_spot/output/hbt_daily_full_market_20260521_20260526/daily_configs/arbitrage_config_20260526.json
2026-05-26,2026-05-26::2371_CXFF6,2371_CXFF6,2371,CXFF6,0.013,2.0,2000,1,2000,/home/zoufuc/hftbacktest/future_spot/output/hbt_daily_full_market_20260521_20260526/daily_configs/arbitrage_config_20260526.json
2026-05-26,2026-05-26::2408_CYFF6,2408_CYFF6,2408,CYFF6,0.013,2.0,2000,1,2000,/home/zoufuc/hftbacktest/future_spot/output/hbt_daily_full_market_20260521_20260526/daily_configs/arbitrage_config_20260526.json
2026-05-26,2026-05-26::2603_CZFF6,2603_CZFF6,2603,CZFF6,0.013,2.0,2000,1,2000,/home/zoufuc/hftbacktest/future_spot/output/hbt_daily_full_market_20260521_20260526/daily_configs/arbitrage_config_20260526.json
2026-05-26,2026-05-26::2609_DAFF6,2609_DAFF6,2609,DAFF6,0.013,2.0,2000,1,2000,/home/zoufuc/hftbacktest/future_spot/output/hbt_daily_full_market_20260521_20260526/daily_configs/arbitrage_config_20260526.json
2026-05-26,2026-05-26::2317_DHFF6,2317_DHFF6,2317,DHFF6,0.013,2.0,2000,1,2000,/home/zoufuc/hftbacktest/future_spot/output/hbt_daily_full_market_20260521_20260526/daily_configs/arbitrage_config_20260526.json
2026-05-26,2026-05-26::2337_DIFF6,2337_DIFF6,2337,DIFF6,0.013,2.0,2000,1,2000,/home/zoufuc/hftbacktest/future_spot/output/hbt_daily_full_market_20260521_20260526/daily_configs/arbitrage_config_20260526.json
2026-05-26,2026-05-26::2382_DKFF6,2382_DKFF6,2382,DKFF6,0.013,2.0,2000,1,2000,/home/zoufuc/hftbacktest/future_spot/output/hbt_daily_full_market_20260521_20260526/daily_configs/arbitrage_config_20260526.json
2026-05-26,2026-05-26::3481_DQFF6,3481_DQFF6,3481,DQFF6,0.013,2.0,2000,1,2000,/home/zoufuc/hftbacktest/future_spot/output/hbt_daily_full_market_20260521_20260526/daily_configs/arbitrage_config_20260526.json
2026-05-26,2026-05-26::2353_DSFF6,2353_DSFF6,2353,DSFF6,0.013,2.0,2000,1,2000,/home/zoufuc/hftbacktest/future_spot/output/hbt_daily_full_market_20260521_20260526/daily_configs/arbitrage_config_20260526.json
2026-05-26,2026-05-26::3231_DXFF6,3231_DXFF6,3231,DXFF6,0.013,2.0,2000,1,2000,/home/zoufuc/hftbacktest/future_spot/output/hbt_daily_full_market_20260521_20260526/daily_configs/arbitrage_config_20260526.json
2026-05-26,2026-05-26::2027_FEFF6,2027_FEFF6,2027,FEFF6,0.013,2.0,2000,1,2000,/home/zoufuc/hftbacktest/future_spot/output/hbt_daily_full_market_20260521_20260526/daily_configs/arbitrage_config_20260526.json
2026-05-26,2026-05-26::2301_FQFF6,2301_FQFF6,2301,FQFF6,0.013,2.0,2000,1,2000,/home/zoufuc/hftbacktest/future_spot/output/hbt_daily_full_market_20260521_20260526/daily_configs/arbitrage_config_20260526.json
2026-05-26,2026-05-26::2312_FSFF6,2312_FSFF6,2312,FSFF6,0.013,2.0,2000,1,2000,/home/zoufuc/hftbacktest/future_spot/output/hbt_daily_full_market_20260521_20260526/daily_configs/arbitrage_config_20260526.json
2026-05-26,2026-05-26::2313_FTFF6,2313_FTFF6,2313,FTFF6,0.013,2.0,2000,1,2000,/home/zoufuc/hftbacktest/future_spot/output/hbt_daily_full_market_20260521_20260526/daily_configs/arbitrage_config_20260526.json
2026-05-26,2026-05-26::2344_FZFF6,2344_FZFF6,2344,FZFF6,0.013,2.0,2000,1,2000,/home/zoufuc/hftbacktest/future_spot/output/hbt_daily_full_market_20260521_20260526/daily_configs/arbitrage_config_20260526.json
2026-05-26,2026-05-26::2377_GIFF6,2377_GIFF6,2377,GIFF6,0.013,2.0,2000,1,2000,/home/zoufuc/hftbacktest/future_spot/output/hbt_daily_full_market_20260521_20260526/daily_configs/arbitrage_config_20260526.json
2026-05-26,2026-05-26::2449_GRFF6,2449_GRFF6,2449,GRFF6,0.013,2.0,2000,1,2000,/home/zoufuc/hftbacktest/future_spot/output/hbt_daily_full_market_20260521_20260526/daily_configs/arbitrage_config_20260526.json
2026-05-26,2026-05-26::2455_GUFF6,2455_GUFF6,2455,GUFF6,0.013,2.0,2000,1,2000,/home/zoufuc/hftbacktest/future_spot/output/hbt_daily_full_market_20260521_20260526/daily_configs/arbitrage_config_20260526.json
2026-05-26,2026-05-26::2481_GYFF6,2481_GYFF6,2481,GYFF6,0.013,2.0,2000,1,2000,/home/zoufuc/hftbacktest/future_spot/output/hbt_daily_full_market_20260521_20260526/daily_configs/arbitrage_config_20260526.json
2026-05-26,2026-05-26::2485_GZFF6,2485_GZFF6,2485,GZFF6,0.013,2.0,2000,1,2000,/home/zoufuc/hftbacktest/future_spot/output/hbt_daily_full_market_20260521_20260526/daily_configs/arbitrage_config_20260526.json
2026-05-26,2026-05-26::2498_HCFF6,2498_HCFF6,2498,HCFF6,0.013,2.0,2000,1,2000,/home/zoufuc/hftbacktest/future_spot/output/hbt_daily_full_market_20260521_20260526/daily_configs/arbitrage_config_20260526.json
2026-05-26,2026-05-26::2618_HSFF6,2618_HSFF6,2618,HSFF6,0.013,2.0,2000,1,2000,/home/zoufuc/hftbacktest/future_spot/output/hbt_daily_full_market_20260521_20260526/daily_configs/arbitrage_config_20260526.json
2026-05-26,2026-05-26::3006_IIFF6,3006_IIFF6,3006,IIFF6,0.013,2.0,2000,1,2000,/home/zoufuc/hftbacktest/future_spot/output/hbt_daily_full_market_20260521_20260526/daily_configs/arbitrage_config_20260526.json
2026-05-26,2026-05-26::3035_IPFF6,3035_IPFF6,3035,IPFF6,0.013,2.0,2000,1,2000,/home/zoufuc/hftbacktest/future_spot/output/hbt_daily_full_market_20260521_20260526/daily_configs/arbitrage_config_20260526.json
2026-05-26,2026-05-26::3037_IRFF6,3037_IRFF6,3037,IRFF6,0.013,2.0,2000,1,2000,/home/zoufuc/hftbacktest/future_spot/output/hbt_daily_full_market_20260521_20260526/daily_configs/arbitrage_config_20260526.json
2026-05-26,2026-05-26::3673_JNFF6,3673_JNFF6,3673,JNFF6,0.013,2.0,2000,1,2000,/home/zoufuc/hftbacktest/future_spot/output/hbt_daily_full_market_20260521_20260526/daily_configs/arbitrage_config_20260526.json
2026-05-26,2026-05-26::6271_KDFF6,6271_KDFF6,6271,KDFF6,0.013,2.0,2000,1,2000,/home/zoufuc/hftbacktest/future_spot/output/hbt_daily_full_market_20260521_20260526/daily_configs/arbitrage_config_20260526.json
2026-05-26,2026-05-26::6278_KEFF6,6278_KEFF6,6278,KEFF6,0.013,2.0,2000,1,2000,/home/zoufuc/hftbacktest/future_spot/output/hbt_daily_full_market_20260521_20260526/daily_configs/arbitrage_config_20260526.json
2026-05-26,2026-05-26::6282_KFFF6,6282_KFFF6,6282,KFFF6,0.013,2.0,2000,1,2000,/home/zoufuc/hftbacktest/future_spot/output/hbt_daily_full_market_20260521_20260526/daily_configs/arbitrage_config_20260526.json
2026-05-26,2026-05-26::6285_KGFF6,6285_KGFF6,6285,KGFF6,0.013,2.0,2000,1,2000,/home/zoufuc/hftbacktest/future_spot/output/hbt_daily_full_market_20260521_20260526/daily_configs/arbitrage_config_20260526.json
2026-05-26,2026-05-26::1802_KUFF6,1802_KUFF6,1802,KUFF6,0.013,2.0,2000,1,2000,/home/zoufuc/hftbacktest/future_spot/output/hbt_daily_full_market_20260521_20260526/daily_configs/arbitrage_config_20260526.json
2026-05-26,2026-05-26::2328_KWFF6,2328_KWFF6,2328,KWFF6,0.013,2.0,2000,1,2000,/home/zoufuc/hftbacktest/future_spot/output/hbt_daily_full_market_20260521_20260526/daily_configs/arbitrage_config_20260526.json
2026-05-26,2026-05-26::2356_LQFF6,2356_LQFF6,2356,LQFF6,0.013,2.0,2000,1,2000,/home/zoufuc/hftbacktest/future_spot/output/hbt_daily_full_market_20260521_20260526/daily_configs/arbitrage_config_20260526.json
2026-05-26,2026-05-26::4958_LUFF6,4958_LUFF6,4958,LUFF6,0.013,2.0,2000,1,2000,/home/zoufuc/hftbacktest/future_spot/output/hbt_daily_full_market_20260521_20260526/daily_configs/arbitrage_config_20260526.json
2026-05-26,2026-05-26::8046_LYFF6,8046_LYFF6,8046,LYFF6,0.013,2.0,2000,1,2000,/home/zoufuc/hftbacktest/future_spot/output/hbt_daily_full_market_20260521_20260526/daily_configs/arbitrage_config_20260526.json
2026-05-26,2026-05-26::2355_MBFF6,2355_MBFF6,2355,MBFF6,0.013,2.0,2000,1,2000,/home/zoufuc/hftbacktest/future_spot/output/hbt_daily_full_market_20260521_20260526/daily_configs/arbitrage_config_20260526.json
2026-05-26,2026-05-26::5347_NLFF6,5347_NLFF6,5347,NLFF6,0.013,2.0,2000,1,2000,/home/zoufuc/hftbacktest/future_spot/output/hbt_daily_full_market_20260521_20260526/daily_configs/arbitrage_config_20260526.json
2026-05-26,2026-05-26::5483_NOFF6,5483_NOFF6,5483,NOFF6,0.013,2.0,2000,1,2000,/home/zoufuc/hftbacktest/future_spot/output/hbt_daily_full_market_20260521_20260526/daily_configs/arbitrage_config_20260526.json
2026-05-26,2026-05-26::6147_NSFF6,6147_NSFF6,6147,NSFF6,0.013,2.0,2000,1,2000,/home/zoufuc/hftbacktest/future_spot/output/hbt_daily_full_market_20260521_20260526/daily_configs/arbitrage_config_20260526.json
2026-05-26,2026-05-26::6116_OEFF6,6116_OEFF6,6116,OEFF6,0.013,2.0,2000,1,2000,/home/zoufuc/hftbacktest/future_spot/output/hbt_daily_full_market_20260521_20260526/daily_configs/arbitrage_config_20260526.json
2026-05-26,2026-05-26::3711_OZFF6,3711_OZFF6,3711,OZFF6,0.013,2.0,2000,1,2000,/home/zoufuc/hftbacktest/future_spot/output/hbt_daily_full_market_20260521_20260526/daily_configs/arbitrage_config_20260526.json
2026-05-26,2026-05-26::5425_PEFF6,5425_PEFF6,5425,PEFF6,0.013,2.0,2000,1,2000,/home/zoufuc/hftbacktest/future_spot/output/hbt_daily_full_market_20260521_20260526/daily_configs/arbitrage_config_20260526.json
2026-05-26,2026-05-26::3714_QBFF6,3714_QBFF6,3714,QBFF6,0.013,2.0,2000,1,2000,/home/zoufuc/hftbacktest/future_spot/output/hbt_daily_full_market_20260521_20260526/daily_configs/arbitrage_config_20260526.json
2026-05-26,2026-05-26::1717_QOFF6,1717_QOFF6,1717,QOFF6,0.013,2.0,2000,1,2000,/home/zoufuc/hftbacktest/future_spot/output/hbt_daily_full_market_20260521_20260526/daily_configs/arbitrage_config_20260526.json
2026-05-26,2026-05-26::8150_QUFF6,8150_QUFF6,8150,QUFF6,0.013,2.0,2000,1,2000,/home/zoufuc/hftbacktest/future_spot/output/hbt_daily_full_market_20260521_20260526/daily_configs/arbitrage_config_20260526.json
2026-05-26,2026-05-26::2388_QWFF6,2388_QWFF6,2388,QWFF6,0.013,2.0,2000,1,2000,/home/zoufuc/hftbacktest/future_spot/output/hbt_daily_full_market_20260521_20260526/daily_configs/arbitrage_config_20260526.json
2026-05-26,2026-05-26::6770_QZFF6,6770_QZFF6,6770,QZFF6,0.013,2.0,2000,1,2000,/home/zoufuc/hftbacktest/future_spot/output/hbt_daily_full_market_20260521_20260526/daily_configs/arbitrage_config_20260526.json
2026-05-26,2026-05-26::4919_REFF6,4919_REFF6,4919,REFF6,0.013,2.0,2000,1,2000,/home/zoufuc/hftbacktest/future_spot/output/hbt_daily_full_market_20260521_20260526/daily_configs/arbitrage_config_20260526.json
2026-05-26,2026-05-26::6443_RLFF6,6443_RLFF6,6443,RLFF6,0.013,2.0,2000,1,2000,/home/zoufuc/hftbacktest/future_spot/output/hbt_daily_full_market_20260521_20260526/daily_configs/arbitrage_config_20260526.json
2026-05-26,2026-05-26::2367_VBFF6,2367_VBFF6,2367,VBFF6,0.013,2.0,2000,1,2000,/home/zoufuc/hftbacktest/future_spot/output/hbt_daily_full_market_20260521_20260526/daily_configs/arbitrage_config_20260526.json
