ev        , exch_ts            , local_ts           , px  , qty , order_id, ival, fval
3758096387, 1757377804629985000, 1757377804629985000, 1165,    0,        0,    0,    0
3758096388, 1757377804629985000, 1757377804629985000, 1190,  200,        0,    0,    0
3758096388, 1757377804629985000, 1757377804629985000, 1180,   21,        0,    0,    0
3758096388, 1757377804629985000, 1757377804629985000, 1175,    5,        0,    0,    0
3758096388, 1757377804629985000, 1757377804629985000, 1170,    2,        0,    0,    0
3758096388, 1757377804629985000, 1757377804629985000, 1165,    5,        0,    0,    0
3489660931, 1757377804629985000, 1757377804629985000, 1215,    0,        0,    0,    0
3489660932, 1757377804629985000, 1757377804629985000, 1195,    3,        0,    0,    0
3489660932, 1757377804629985000, 1757377804629985000, 1200,   76,        0,    0,    0
3489660932, 1757377804629985000, 1757377804629985000, 1205,   31,        0,    0,    0
3489660932, 1757377804629985000, 1757377804629985000, 1210,   15,        0,    0,    0
3489660932, 1757377804629985000, 1757377804629985000, 1215,   22,        0,    0,    0
3758096387, 1757377809646651000, 1757377809646651000, 1175,    0,        0,    0,    0
3758096388, 1757377809646651000, 1757377809646651000, 1195,   26,        0,    0,    0
3758096388, 1757377809646651000, 1757377809646651000, 1190,  200,        0,    0,    0
3758096388, 1757377809646651000, 1757377809646651000, 1185,    1,        0,    0,    0
3758096388, 1757377809646651000, 1757377809646651000, 1180,   21,        0,    0,    0
3758096388, 1757377809646651000, 1757377809646651000, 1175,    5,        0,    0,    0
3489660931, 1757377809646651000, 1757377809646651000, 1220,    0,        0,    0,    0
3489660932, 1757377809646651000, 1757377809646651000, 1200,  148,        0,    0,    0
3489660932, 1757377809646651000, 1757377809646651000, 1205,   53,        0,    0,    0
3489660932, 1757377809646651000, 1757377809646651000, 1210,   45,        0,    0,    0
3489660932, 1757377809646651000, 1757377809646651000, 1215,   28,        0,    0,    0
3489660932, 1757377809646651000, 1757377809646651000, 1220,   94,        0,    0,    0
3758096387, 1757377814662269000, 1757377814662269000, 1170,    0,        0,    0,    0
3758096388, 1757377814662269000, 1757377814662269000, 1190,  201,        0,    0,    0
3758096388, 1757377814662269000, 1757377814662269000, 1185,    2,        0,    0,    0
3758096388, 1757377814662269000, 1757377814662269000, 1180,   26,        0,    0,    0
3758096388, 1757377814662269000, 1757377814662269000, 1175,   12,        0,    0,    0
3758096388, 1757377814662269000, 1757377814662269000, 1170,    8,        0,    0,    0
3489660931, 1757377814662269000, 1757377814662269000, 1215,    0,        0,    0,    0
3489660932, 1757377814662269000, 1757377814662269000, 1195,    5,        0,    0,    0
3489660932, 1757377814662269000, 1757377814662269000, 1200,  195,        0,    0,    0
3489660932, 1757377814662269000, 1757377814662269000, 1205,   81,        0,    0,    0
3489660932, 1757377814662269000, 1757377814662269000, 1210,   64,        0,    0,    0
3489660932, 1757377814662269000, 1757377814662269000, 1215,   32,        0,    0,    0
3758096387, 1757377819677894000, 1757377819677894000, 1175,    0,        0,    0,    0
3758096388, 1757377819677894000, 1757377819677894000, 1195,   46,        0,    0,    0
3758096388, 1757377819677894000, 1757377819677894000, 1190,  301,        0,    0,    0
3758096388, 1757377819677894000, 1757377819677894000, 1185,    3,        0,    0,    0
3758096388, 1757377819677894000, 1757377819677894000, 1180,   50,        0,    0,    0
3758096388, 1757377819677894000, 1757377819677894000, 1175,   19,        0,    0,    0
3489660931, 1757377819677894000, 1757377819677894000, 1220,    0,        0,    0,    0
3489660932, 1757377819677894000, 1757377819677894000, 1200,  276,        0,    0,    0
3489660932, 1757377819677894000, 1757377819677894000, 1205,   97,        0,    0,    0
3489660932, 1757377819677894000, 1757377819677894000, 1210,  126,        0,    0,    0
3489660932, 1757377819677894000, 1757377819677894000, 1215,   42,        0,    0,    0
3489660932, 1757377819677894000, 1757377819677894000, 1220,  147,        0,    0,    0
3758096387, 1757377824693500000, 1757377824693500000, 1170,    0,        0,    0,    0
3758096388, 1757377824693500000, 1757377824693500000, 1190,  302,        0,    0,    0
3758096388, 1757377824693500000, 1757377824693500000, 1185,    4,        0,    0,    0
3758096388, 1757377824693500000, 1757377824693500000, 1180,   56,        0,    0,    0
3758096388, 1757377824693500000, 1757377824693500000, 1175,   25,        0,    0,    0
3758096388, 1757377824693500000, 1757377824693500000, 1170,   44,        0,    0,    0
3489660931, 1757377824693500000, 1757377824693500000, 1215,    0,        0,    0,    0
3489660932, 1757377824693500000, 1757377824693500000, 1195,   46,        0,    0,    0
3489660932, 1757377824693500000, 1757377824693500000, 1200,  323,        0,    0,    0
3489660932, 1757377824693500000, 1757377824693500000, 1205,  135,        0,    0,    0
3489660932, 1757377824693500000, 1757377824693500000, 1210,  196,        0,    0,    0
3489660932, 1757377824693500000, 1757377824693500000, 1215,   48,        0,    0,    0
3758096387, 1757377829710146000, 1757377829710146000, 1170,    0,        0,    0,    0
3758096388, 1757377829710146000, 1757377829710146000, 1190,  305,        0,    0,    0
3758096388, 1757377829710146000, 1757377829710146000, 1185,  206,        0,    0,    0
3758096388, 1757377829710146000, 1757377829710146000, 1180,   60,        0,    0,    0
3758096388, 1757377829710146000, 1757377829710146000, 1175,   28,        0,    0,    0
3758096388, 1757377829710146000, 1757377829710146000, 1170,   48,        0,    0,    0
3489660931, 1757377829710146000, 1757377829710146000, 1215,    0,        0,    0,    0
3489660932, 1757377829710146000, 1757377829710146000, 1195,   66,        0,    0,    0
3489660932, 1757377829710146000, 1757377829710146000, 1200,  447,        0,    0,    0
3489660932, 1757377829710146000, 1757377829710146000, 1205,  170,        0,    0,    0
3489660932, 1757377829710146000, 1757377829710146000, 1210,  221,        0,    0,    0
3489660932, 1757377829710146000, 1757377829710146000, 1215,   69,        0,    0,    0
3758096387, 1757377834727807000, 1757377834727807000, 1170,    0,        0,    0,    0
3758096388, 1757377834727807000, 1757377834727807000, 1190,  307,        0,    0,    0
3758096388, 1757377834727807000, 1757377834727807000, 1185,  313,        0,    0,    0
3758096388, 1757377834727807000, 1757377834727807000, 1180,   73,        0,    0,    0
3758096388, 1757377834727807000, 1757377834727807000, 1175,   31,        0,    0,    0
3758096388, 1757377834727807000, 1757377834727807000, 1170,   55,        0,    0,    0
3489660931, 1757377834727807000, 1757377834727807000, 1215,    0,        0,    0,    0
3489660932, 1757377834727807000, 1757377834727807000, 1195,   81,        0,    0,    0
3489660932, 1757377834727807000, 1757377834727807000, 1200,  517,        0,    0,    0
3489660932, 1757377834727807000, 1757377834727807000, 1205,  262,        0,    0,    0
3489660932, 1757377834727807000, 1757377834727807000, 1210,  420,        0,    0,    0
3489660932, 1757377834727807000, 1757377834727807000, 1215,  124,        0,    0,    0
3758096387, 1757377839743423000, 1757377839743423000, 1170,    0,        0,    0,    0
3758096388, 1757377839743423000, 1757377839743423000, 1190,  414,        0,    0,    0
3758096388, 1757377839743423000, 1757377839743423000, 1185,  415,        0,    0,    0
3758096388, 1757377839743423000, 1757377839743423000, 1180,   84,        0,    0,    0
3758096388, 1757377839743423000, 1757377839743423000, 1175,   36,        0,    0,    0
3758096388, 1757377839743423000, 1757377839743423000, 1170,   60,        0,    0,    0
3489660931, 1757377839743423000, 1757377839743423000, 1215,    0,        0,    0,    0
3489660932, 1757377839743423000, 1757377839743423000, 1195,    6,        0,    0,    0
3489660932, 1757377839743423000, 1757377839743423000, 1200,  697,        0,    0,    0
3489660932, 1757377839743423000, 1757377839743423000, 1205,  464,        0,    0,    0
3489660932, 1757377839743423000, 1757377839743423000, 1210,  560,        0,    0,    0
3489660932, 1757377839743423000, 1757377839743423000, 1215,  139,        0,    0,    0
3758096387, 1757377844759058000, 1757377844759058000, 1170,    0,        0,    0,    0
3758096388, 1757377844759058000, 1757377844759058000, 1190,  415,        0,    0,    0
3758096388, 1757377844759058000, 1757377844759058000, 1185,  415,        0,    0,    0
3758096388, 1757377844759058000, 1757377844759058000, 1180,   89,        0,    0,    0
3758096388, 1757377844759058000, 1757377844759058000, 1175,   37,        0,    0,    0
3758096388, 1757377844759058000, 1757377844759058000, 1170,   66,        0,    0,    0
3489660931, 1757377844759058000, 1757377844759058000, 1215,    0,        0,    0,    0
3489660932, 1757377844759058000, 1757377844759058000, 1195,   17,        0,    0,    0
3489660932, 1757377844759058000, 1757377844759058000, 1200,  740,        0,    0,    0
3489660932, 1757377844759058000, 1757377844759058000, 1205,  583,        0,    0,    0
3489660932, 1757377844759058000, 1757377844759058000, 1210,  682,        0,    0,    0
3489660932, 1757377844759058000, 1757377844759058000, 1215,  345,        0,    0,    0
3758096387, 1757377849772607000, 1757377849772607000, 1170,    0,        0,    0,    0
3758096388, 1757377849772607000, 1757377849772607000, 1190,  420,        0,    0,    0
3758096388, 1757377849772607000, 1757377849772607000, 1185,  421,        0,    0,    0
3758096388, 1757377849772607000, 1757377849772607000, 1180,   95,        0,    0,    0
3758096388, 1757377849772607000, 1757377849772607000, 1175,   37,        0,    0,    0
3758096388, 1757377849772607000, 1757377849772607000, 1170,   67,        0,    0,    0
3489660931, 1757377849772607000, 1757377849772607000, 1215,    0,        0,    0,    0
3489660932, 1757377849772607000, 1757377849772607000, 1195,  118,        0,    0,    0
3489660932, 1757377849772607000, 1757377849772607000, 1200,  769,        0,    0,    0
3489660932, 1757377849772607000, 1757377849772607000, 1205,  615,        0,    0,    0
3489660932, 1757377849772607000, 1757377849772607000, 1210, 1024,        0,    0,    0
3489660932, 1757377849772607000, 1757377849772607000, 1215,  352,        0,    0,    0
3758096387, 1757377854786176000, 1757377854786176000, 1170,    0,        0,    0,    0
3758096388, 1757377854786176000, 1757377854786176000, 1190,  424,        0,    0,    0
3758096388, 1757377854786176000, 1757377854786176000, 1185,  426,        0,    0,    0
3758096388, 1757377854786176000, 1757377854786176000, 1180,  110,        0,    0,    0
3758096388, 1757377854786176000, 1757377854786176000, 1175,   49,        0,    0,    0
3758096388, 1757377854786176000, 1757377854786176000, 1170,   76,        0,    0,    0
3489660931, 1757377854786176000, 1757377854786176000, 1215,    0,        0,    0,    0
3489660932, 1757377854786176000, 1757377854786176000, 1195,  119,        0,    0,    0
3489660932, 1757377854786176000, 1757377854786176000, 1200,  833,        0,    0,    0
3489660932, 1757377854786176000, 1757377854786176000, 1205,  643,        0,    0,    0
3489660932, 1757377854786176000, 1757377854786176000, 1210, 1060,        0,    0,    0
3489660932, 1757377854786176000, 1757377854786176000, 1215,  360,        0,    0,    0
3758096387, 1757377859799752000, 1757377859799752000, 1170,    0,        0,    0,    0
3758096388, 1757377859799752000, 1757377859799752000, 1190,  425,        0,    0,    0
3758096388, 1757377859799752000, 1757377859799752000, 1185,  427,        0,    0,    0
3758096388, 1757377859799752000, 1757377859799752000, 1180,  115,        0,    0,    0
3758096388, 1757377859799752000, 1757377859799752000, 1175,   49,        0,    0,    0
3758096388, 1757377859799752000, 1757377859799752000, 1170,   81,        0,    0,    0
3489660931, 1757377859799752000, 1757377859799752000, 1215,    0,        0,    0,    0
3489660932, 1757377859799752000, 1757377859799752000, 1195,  102,        0,    0,    0
3489660932, 1757377859799752000, 1757377859799752000, 1200,  860,        0,    0,    0
3489660932, 1757377859799752000, 1757377859799752000, 1205,  661,        0,    0,    0
3489660932, 1757377859799752000, 1757377859799752000, 1210, 1072,        0,    0,    0
3489660932, 1757377859799752000, 1757377859799752000, 1215,  366,        0,    0,    0
3758096387, 1757377864815370000, 1757377864815370000, 1170,    0,        0,    0,    0
3758096388, 1757377864815370000, 1757377864815370000, 1190,  427,        0,    0,    0
3758096388, 1757377864815370000, 1757377864815370000, 1185,  449,        0,    0,    0
3758096388, 1757377864815370000, 1757377864815370000, 1180,  124,        0,    0,    0
3758096388, 1757377864815370000, 1757377864815370000, 1175,   51,        0,    0,    0
3758096388, 1757377864815370000, 1757377864815370000, 1170,   84,        0,    0,    0
3489660931, 1757377864815370000, 1757377864815370000, 1215,    0,        0,    0,    0
3489660932, 1757377864815370000, 1757377864815370000, 1195,   51,        0,    0,    0
3489660932, 1757377864815370000, 1757377864815370000, 1200,  894,        0,    0,    0
3489660932, 1757377864815370000, 1757377864815370000, 1205,  685,        0,    0,    0
3489660932, 1757377864815370000, 1757377864815370000, 1210, 1106,        0,    0,    0
3489660932, 1757377864815370000, 1757377864815370000, 1215,  386,        0,    0,    0
3758096387, 1757377869833021000, 1757377869833021000, 1175,    0,        0,    0,    0
3758096388, 1757377869833021000, 1757377869833021000, 1195,   61,        0,    0,    0
3758096388, 1757377869833021000, 1757377869833021000, 1190,  429,        0,    0,    0
3758096388, 1757377869833021000, 1757377869833021000, 1185,  461,        0,    0,    0
3758096388, 1757377869833021000, 1757377869833021000, 1180,  143,        0,    0,    0
3758096388, 1757377869833021000, 1757377869833021000, 1175,   55,        0,    0,    0
3489660931, 1757377869833021000, 1757377869833021000, 1220,    0,        0,    0,    0
3489660932, 1757377869833021000, 1757377869833021000, 1200,  962,        0,    0,    0
3489660932, 1757377869833021000, 1757377869833021000, 1205,  709,        0,    0,    0
3489660932, 1757377869833021000, 1757377869833021000, 1210, 1120,        0,    0,    0
3489660932, 1757377869833021000, 1757377869833021000, 1215,  390,        0,    0,    0
3489660932, 1757377869833021000, 1757377869833021000, 1220,  514,        0,    0,    0
3758096387, 1757377874847621000, 1757377874847621000, 1175,    0,        0,    0,    0
3758096388, 1757377874847621000, 1757377874847621000, 1195,   53,        0,    0,    0
3758096388, 1757377874847621000, 1757377874847621000, 1190,  429,        0,    0,    0
3758096388, 1757377874847621000, 1757377874847621000, 1185,  474,        0,    0,    0
3758096388, 1757377874847621000, 1757377874847621000, 1180,  148,        0,    0,    0
3758096388, 1757377874847621000, 1757377874847621000, 1175,   58,        0,    0,    0
3489660931, 1757377874847621000, 1757377874847621000, 1220,    0,        0,    0,    0
3489660932, 1757377874847621000, 1757377874847621000, 1200, 1019,        0,    0,    0
3489660932, 1757377874847621000, 1757377874847621000, 1205,  753,        0,    0,    0
3489660932, 1757377874847621000, 1757377874847621000, 1210, 1140,        0,    0,    0
3489660932, 1757377874847621000, 1757377874847621000, 1215,  398,        0,    0,    0
3489660932, 1757377874847621000, 1757377874847621000, 1220,  536,        0,    0,    0
3758096387, 1757377879863239000, 1757377879863239000, 1175,    0,        0,    0,    0
3758096388, 1757377879863239000, 1757377879863239000, 1195,   40,        0,    0,    0
3758096388, 1757377879863239000, 1757377879863239000, 1190,  431,        0,    0,    0
3758096388, 1757377879863239000, 1757377879863239000, 1185,  814,        0,    0,    0
3758096388, 1757377879863239000, 1757377879863239000, 1180,  160,        0,    0,    0
3758096388, 1757377879863239000, 1757377879863239000, 1175,   61,        0,    0,    0
3489660931, 1757377879863239000, 1757377879863239000, 1220,    0,        0,    0,    0
3489660932, 1757377879863239000, 1757377879863239000, 1200, 1044,        0,    0,    0
3489660932, 1757377879863239000, 1757377879863239000, 1205,  800,        0,    0,    0
3489660932, 1757377879863239000, 1757377879863239000, 1210, 1163,        0,    0,    0
3489660932, 1757377879863239000, 1757377879863239000, 1215,  405,        0,    0,    0
3489660932, 1757377879863239000, 1757377879863239000, 1220,  546,        0,    0,    0
3758096387, 1757377884879884000, 1757377884879884000, 1175,    0,        0,    0,    0
3758096388, 1757377884879884000, 1757377884879884000, 1195,   34,        0,    0,    0
3758096388, 1757377884879884000, 1757377884879884000, 1190,  432,        0,    0,    0
3758096388, 1757377884879884000, 1757377884879884000, 1185,  816,        0,    0,    0
3758096388, 1757377884879884000, 1757377884879884000, 1180,  214,        0,    0,    0
3758096388, 1757377884879884000, 1757377884879884000, 1175,   64,        0,    0,    0
3489660931, 1757377884879884000, 1757377884879884000, 1220,    0,        0,    0,    0
3489660932, 1757377884879884000, 1757377884879884000, 1200, 1084,        0,    0,    0
3489660932, 1757377884879884000, 1757377884879884000, 1205,  833,        0,    0,    0
3489660932, 1757377884879884000, 1757377884879884000, 1210, 1191,        0,    0,    0
3489660932, 1757377884879884000, 1757377884879884000, 1215,  413,        0,    0,    0
3489660932, 1757377884879884000, 1757377884879884000, 1220,  553,        0,    0,    0
3758096387, 1757377889895501000, 1757377889895501000, 1175,    0,        0,    0,    0
3758096388, 1757377889895501000, 1757377889895501000, 1195,   40,        0,    0,    0
3758096388, 1757377889895501000, 1757377889895501000, 1190,  433,        0,    0,    0
3758096388, 1757377889895501000, 1757377889895501000, 1185,  818,        0,    0,    0
3758096388, 1757377889895501000, 1757377889895501000, 1180,  226,        0,    0,    0
3758096388, 1757377889895501000, 1757377889895501000, 1175,   68,        0,    0,    0
3489660931, 1757377889895501000, 1757377889895501000, 1220,    0,        0,    0,    0
3489660932, 1757377889895501000, 1757377889895501000, 1200, 1127,        0,    0,    0
3489660932, 1757377889895501000, 1757377889895501000, 1205,  860,        0,    0,    0
3489660932, 1757377889895501000, 1757377889895501000, 1210, 1223,        0,    0,    0
3489660932, 1757377889895501000, 1757377889895501000, 1215,  419,        0,    0,    0
3489660932, 1757377889895501000, 1757377889895501000, 1220,  556,        0,    0,    0
3758096387, 1757377894911125000, 1757377894911125000, 1175,    0,        0,    0,    0
3758096388, 1757377894911125000, 1757377894911125000, 1195,   32,        0,    0,    0
3758096388, 1757377894911125000, 1757377894911125000, 1190,  435,        0,    0,    0
3758096388, 1757377894911125000, 1757377894911125000, 1185,  820,        0,    0,    0
3758096388, 1757377894911125000, 1757377894911125000, 1180,  229,        0,    0,    0
3758096388, 1757377894911125000, 1757377894911125000, 1175,  120,        0,    0,    0
3489660931, 1757377894911125000, 1757377894911125000, 1220,    0,        0,    0,    0
3489660932, 1757377894911125000, 1757377894911125000, 1200, 1173,        0,    0,    0
3489660932, 1757377894911125000, 1757377894911125000, 1205,  874,        0,    0,    0
3489660932, 1757377894911125000, 1757377894911125000, 1210, 1243,        0,    0,    0
3489660932, 1757377894911125000, 1757377894911125000, 1215,  430,        0,    0,    0
3489660932, 1757377894911125000, 1757377894911125000, 1220,  583,        0,    0,    0
3758096387, 1757377899928796000, 1757377899928796000, 1175,    0,        0,    0,    0
3758096388, 1757377899928796000, 1757377899928796000, 1195,   28,        0,    0,    0
3758096388, 1757377899928796000, 1757377899928796000, 1190,  437,        0,    0,    0
3758096388, 1757377899928796000, 1757377899928796000, 1185,  822,        0,    0,    0
3758096388, 1757377899928796000, 1757377899928796000, 1180,  230,        0,    0,    0
3758096388, 1757377899928796000, 1757377899928796000, 1175,  122,        0,    0,    0
3489660931, 1757377899928796000, 1757377899928796000, 1220,    0,        0,    0,    0
3489660932, 1757377899928796000, 1757377899928796000, 1200, 1206,        0,    0,    0
3489660932, 1757377899928796000, 1757377899928796000, 1205,  894,        0,    0,    0
3489660932, 1757377899928796000, 1757377899928796000, 1210, 1252,        0,    0,    0
3489660932, 1757377899928796000, 1757377899928796000, 1215,  431,        0,    0,    0
3489660932, 1757377899928796000, 1757377899928796000, 1220,  586,        0,    0,    0
3758096387, 1757377904943377000, 1757377904943377000, 1175,    0,        0,    0,    0
3758096388, 1757377904943377000, 1757377904943377000, 1195,   41,        0,    0,    0
3758096388, 1757377904943377000, 1757377904943377000, 1190,  447,        0,    0,    0
3758096388, 1757377904943377000, 1757377904943377000, 1185,  831,        0,    0,    0
3758096388, 1757377904943377000, 1757377904943377000, 1180,  241,        0,    0,    0
3758096388, 1757377904943377000, 1757377904943377000, 1175,  123,        0,    0,    0
3489660931, 1757377904943377000, 1757377904943377000, 1220,    0,        0,    0,    0
3489660932, 1757377904943377000, 1757377904943377000, 1200, 1225,        0,    0,    0
3489660932, 1757377904943377000, 1757377904943377000, 1205,  921,        0,    0,    0
3489660932, 1757377904943377000, 1757377904943377000, 1210, 1261,        0,    0,    0
3489660932, 1757377904943377000, 1757377904943377000, 1215,  435,        0,    0,    0
3489660932, 1757377904943377000, 1757377904943377000, 1220,  589,        0,    0,    0
3758096387, 1757377909957992000, 1757377909957992000, 1175,    0,        0,    0,    0
3758096388, 1757377909957992000, 1757377909957992000, 1195,   37,        0,    0,    0
3758096388, 1757377909957992000, 1757377909957992000, 1190,  451,        0,    0,    0
3758096388, 1757377909957992000, 1757377909957992000, 1185,  834,        0,    0,    0
3758096388, 1757377909957992000, 1757377909957992000, 1180,  242,        0,    0,    0
3758096388, 1757377909957992000, 1757377909957992000, 1175,  174,        0,    0,    0
3489660931, 1757377909957992000, 1757377909957992000, 1220,    0,        0,    0,    0
3489660932, 1757377909957992000, 1757377909957992000, 1200, 1255,        0,    0,    0
3489660932, 1757377909957992000, 1757377909957992000, 1205,  930,        0,    0,    0
3489660932, 1757377909957992000, 1757377909957992000, 1210, 1283,        0,    0,    0
3489660932, 1757377909957992000, 1757377909957992000, 1215,  438,        0,    0,    0
3489660932, 1757377909957992000, 1757377909957992000, 1220,  591,        0,    0,    0
3758096387, 1757377914975622000, 1757377914975622000, 1175,    0,        0,    0,    0
3758096388, 1757377914975622000, 1757377914975622000, 1195,   38,        0,    0,    0
3758096388, 1757377914975622000, 1757377914975622000, 1190,  452,        0,    0,    0
3758096388, 1757377914975622000, 1757377914975622000, 1185,  836,        0,    0,    0
3758096388, 1757377914975622000, 1757377914975622000, 1180,  244,        0,    0,    0
3758096388, 1757377914975622000, 1757377914975622000, 1175,  174,        0,    0,    0
3489660931, 1757377914975622000, 1757377914975622000, 1220,    0,        0,    0,    0
3489660932, 1757377914975622000, 1757377914975622000, 1200, 1292,        0,    0,    0
3489660932, 1757377914975622000, 1757377914975622000, 1205,  940,        0,    0,    0
3489660932, 1757377914975622000, 1757377914975622000, 1210, 1293,        0,    0,    0
3489660932, 1757377914975622000, 1757377914975622000, 1215,  441,        0,    0,    0
3489660932, 1757377914975622000, 1757377914975622000, 1220,  593,        0,    0,    0
3758096387, 1757377919993302000, 1757377919993302000, 1175,    0,        0,    0,    0
3758096388, 1757377919993302000, 1757377919993302000, 1195,   37,        0,    0,    0
3758096388, 1757377919993302000, 1757377919993302000, 1190,  457,        0,    0,    0
3758096388, 1757377919993302000, 1757377919993302000, 1185,  840,        0,    0,    0
3758096388, 1757377919993302000, 1757377919993302000, 1180,  258,        0,    0,    0
3758096388, 1757377919993302000, 1757377919993302000, 1175,  176,        0,    0,    0
3489660931, 1757377919993302000, 1757377919993302000, 1220,    0,        0,    0,    0
3489660932, 1757377919993302000, 1757377919993302000, 1200, 1306,        0,    0,    0
3489660932, 1757377919993302000, 1757377919993302000, 1205,  956,        0,    0,    0
3489660932, 1757377919993302000, 1757377919993302000, 1210, 1295,        0,    0,    0
3489660932, 1757377919993302000, 1757377919993302000, 1215,  444,        0,    0,    0
3489660932, 1757377919993302000, 1757377919993302000, 1220,  595,        0,    0,    0
3758096387, 1757377925008737000, 1757377925008737000, 1175,    0,        0,    0,    0
3758096388, 1757377925008737000, 1757377925008737000, 1195,   33,        0,    0,    0
3758096388, 1757377925008737000, 1757377925008737000, 1190,  461,        0,    0,    0
3758096388, 1757377925008737000, 1757377925008737000, 1185,  846,        0,    0,    0
3758096388, 1757377925008737000, 1757377925008737000, 1180,  260,        0,    0,    0
3758096388, 1757377925008737000, 1757377925008737000, 1175,  176,        0,    0,    0
3489660931, 1757377925008737000, 1757377925008737000, 1220,    0,        0,    0,    0
3489660932, 1757377925008737000, 1757377925008737000, 1200, 1354,        0,    0,    0
3489660932, 1757377925008737000, 1757377925008737000, 1205,  989,        0,    0,    0
3489660932, 1757377925008737000, 1757377925008737000, 1210, 1306,        0,    0,    0
3489660932, 1757377925008737000, 1757377925008737000, 1215,  448,        0,    0,    0
3489660932, 1757377925008737000, 1757377925008737000, 1220,  601,        0,    0,    0
3758096387, 1757377930024863000, 1757377930024863000, 1170,    0,        0,    0,    0
3758096388, 1757377930024863000, 1757377930024863000, 1190,  461,        0,    0,    0
3758096388, 1757377930024863000, 1757377930024863000, 1185,  849,        0,    0,    0
3758096388, 1757377930024863000, 1757377930024863000, 1180,  261,        0,    0,    0
3758096388, 1757377930024863000, 1757377930024863000, 1175,  177,        0,    0,    0
3758096388, 1757377930024863000, 1757377930024863000, 1170,  140,        0,    0,    0
3489660931, 1757377930024863000, 1757377930024863000, 1215,    0,        0,    0,    0
3489660932, 1757377930024863000, 1757377930024863000, 1195,    1,        0,    0,    0
3489660932, 1757377930024863000, 1757377930024863000, 1200, 1378,        0,    0,    0
3489660932, 1757377930024863000, 1757377930024863000, 1205,  999,        0,    0,    0
3489660932, 1757377930024863000, 1757377930024863000, 1210, 1330,        0,    0,    0
3489660932, 1757377930024863000, 1757377930024863000, 1215,  456,        0,    0,    0
3758096387, 1757377935040138000, 1757377935040138000, 1170,    0,        0,    0,    0
3758096388, 1757377935040138000, 1757377935040138000, 1190,  463,        0,    0,    0
3758096388, 1757377935040138000, 1757377935040138000, 1185,  855,        0,    0,    0
3758096388, 1757377935040138000, 1757377935040138000, 1180,  265,        0,    0,    0
3758096388, 1757377935040138000, 1757377935040138000, 1175,  180,        0,    0,    0
3758096388, 1757377935040138000, 1757377935040138000, 1170,  140,        0,    0,    0
3489660931, 1757377935040138000, 1757377935040138000, 1215,    0,        0,    0,    0
3489660932, 1757377935040138000, 1757377935040138000, 1195,    4,        0,    0,    0
3489660932, 1757377935040138000, 1757377935040138000, 1200, 1382,        0,    0,    0
3489660932, 1757377935040138000, 1757377935040138000, 1205, 1004,        0,    0,    0
3489660932, 1757377935040138000, 1757377935040138000, 1210, 1340,        0,    0,    0
3489660932, 1757377935040138000, 1757377935040138000, 1215,  451,        0,    0,    0
3758096387, 1757377940056686000, 1757377940056686000, 1170,    0,        0,    0,    0
3758096388, 1757377940056686000, 1757377940056686000, 1190,  464,        0,    0,    0
3758096388, 1757377940056686000, 1757377940056686000, 1185,  854,        0,    0,    0
3758096388, 1757377940056686000, 1757377940056686000, 1180,  267,        0,    0,    0
3758096388, 1757377940056686000, 1757377940056686000, 1175,  181,        0,    0,    0
3758096388, 1757377940056686000, 1757377940056686000, 1170,  140,        0,    0,    0
3489660931, 1757377940056686000, 1757377940056686000, 1215,    0,        0,    0,    0
3489660932, 1757377940056686000, 1757377940056686000, 1195,   16,        0,    0,    0
3489660932, 1757377940056686000, 1757377940056686000, 1200, 1394,        0,    0,    0
3489660932, 1757377940056686000, 1757377940056686000, 1205, 1008,        0,    0,    0
3489660932, 1757377940056686000, 1757377940056686000, 1210, 1346,        0,    0,    0
3489660932, 1757377940056686000, 1757377940056686000, 1215,  451,        0,    0,    0
3758096387, 1757377945074459000, 1757377945074459000, 1170,    0,        0,    0,    0
3758096388, 1757377945074459000, 1757377945074459000, 1190,  464,        0,    0,    0
3758096388, 1757377945074459000, 1757377945074459000, 1185,  855,        0,    0,    0
3758096388, 1757377945074459000, 1757377945074459000, 1180,  271,        0,    0,    0
3758096388, 1757377945074459000, 1757377945074459000, 1175,  186,        0,    0,    0
3758096388, 1757377945074459000, 1757377945074459000, 1170,  140,        0,    0,    0
3489660931, 1757377945074459000, 1757377945074459000, 1215,    0,        0,    0,    0
3489660932, 1757377945074459000, 1757377945074459000, 1195,   23,        0,    0,    0
3489660932, 1757377945074459000, 1757377945074459000, 1200, 1402,        0,    0,    0
3489660932, 1757377945074459000, 1757377945074459000, 1205, 1012,        0,    0,    0
3489660932, 1757377945074459000, 1757377945074459000, 1210, 1366,        0,    0,    0
3489660932, 1757377945074459000, 1757377945074459000, 1215,  453,        0,    0,    0
3758096387, 1757377950092122000, 1757377950092122000, 1170,    0,        0,    0,    0
3758096388, 1757377950092122000, 1757377950092122000, 1190,  464,        0,    0,    0
3758096388, 1757377950092122000, 1757377950092122000, 1185,  855,        0,    0,    0
3758096388, 1757377950092122000, 1757377950092122000, 1180,  274,        0,    0,    0
3758096388, 1757377950092122000, 1757377950092122000, 1175,  187,        0,    0,    0
3758096388, 1757377950092122000, 1757377950092122000, 1170,  147,        0,    0,    0
3489660931, 1757377950092122000, 1757377950092122000, 1215,    0,        0,    0,    0
3489660932, 1757377950092122000, 1757377950092122000, 1195,   26,        0,    0,    0
3489660932, 1757377950092122000, 1757377950092122000, 1200, 1404,        0,    0,    0
3489660932, 1757377950092122000, 1757377950092122000, 1205, 1012,        0,    0,    0
3489660932, 1757377950092122000, 1757377950092122000, 1210, 1371,        0,    0,    0
3489660932, 1757377950092122000, 1757377950092122000, 1215,  453,        0,    0,    0
3758096387, 1757377955107725000, 1757377955107725000, 1170,    0,        0,    0,    0
3758096388, 1757377955107725000, 1757377955107725000, 1190,  464,        0,    0,    0
3758096388, 1757377955107725000, 1757377955107725000, 1185,  855,        0,    0,    0
3758096388, 1757377955107725000, 1757377955107725000, 1180,  276,        0,    0,    0
3758096388, 1757377955107725000, 1757377955107725000, 1175,  189,        0,    0,    0
3758096388, 1757377955107725000, 1757377955107725000, 1170,  147,        0,    0,    0
3489660931, 1757377955107725000, 1757377955107725000, 1215,    0,        0,    0,    0
3489660932, 1757377955107725000, 1757377955107725000, 1195,   27,        0,    0,    0
3489660932, 1757377955107725000, 1757377955107725000, 1200, 1415,        0,    0,    0
3489660932, 1757377955107725000, 1757377955107725000, 1205, 1016,        0,    0,    0
3489660932, 1757377955107725000, 1757377955107725000, 1210, 1374,        0,    0,    0
3489660932, 1757377955107725000, 1757377955107725000, 1215,  454,        0,    0,    0
3758096387, 1757377960124385000, 1757377960124385000, 1170,    0,        0,    0,    0
3758096388, 1757377960124385000, 1757377960124385000, 1190,  464,        0,    0,    0
3758096388, 1757377960124385000, 1757377960124385000, 1185,  855,        0,    0,    0
3758096388, 1757377960124385000, 1757377960124385000, 1180,  279,        0,    0,    0
3758096388, 1757377960124385000, 1757377960124385000, 1175,  189,        0,    0,    0
3758096388, 1757377960124385000, 1757377960124385000, 1170,  147,        0,    0,    0
3489660931, 1757377960124385000, 1757377960124385000, 1215,    0,        0,    0,    0
3489660932, 1757377960124385000, 1757377960124385000, 1195,   30,        0,    0,    0
3489660932, 1757377960124385000, 1757377960124385000, 1200, 1403,        0,    0,    0
3489660932, 1757377960124385000, 1757377960124385000, 1205, 1002,        0,    0,    0
3489660932, 1757377960124385000, 1757377960124385000, 1210, 1354,        0,    0,    0
3489660932, 1757377960124385000, 1757377960124385000, 1215,  454,        0,    0,    0
3758096387, 1757377965142041000, 1757377965142041000, 1170,    0,        0,    0,    0
3758096388, 1757377965142041000, 1757377965142041000, 1190,  466,        0,    0,    0
3758096388, 1757377965142041000, 1757377965142041000, 1185,  855,        0,    0,    0
3758096388, 1757377965142041000, 1757377965142041000, 1180,  300,        0,    0,    0
3758096388, 1757377965142041000, 1757377965142041000, 1175,  190,        0,    0,    0
3758096388, 1757377965142041000, 1757377965142041000, 1170,  148,        0,    0,    0
3489660931, 1757377965142041000, 1757377965142041000, 1215,    0,        0,    0,    0
3489660932, 1757377965142041000, 1757377965142041000, 1195,   31,        0,    0,    0
3489660932, 1757377965142041000, 1757377965142041000, 1200, 1424,        0,    0,    0
3489660932, 1757377965142041000, 1757377965142041000, 1205, 1002,        0,    0,    0
3489660932, 1757377965142041000, 1757377965142041000, 1210, 1359,        0,    0,    0
3489660932, 1757377965142041000, 1757377965142041000, 1215,  457,        0,    0,    0
3758096387, 1757377970158679000, 1757377970158679000, 1175,    0,        0,    0,    0
3758096388, 1757377970158679000, 1757377970158679000, 1195,   26,        0,    0,    0
3758096388, 1757377970158679000, 1757377970158679000, 1190,  466,        0,    0,    0
3758096388, 1757377970158679000, 1757377970158679000, 1185,  856,        0,    0,    0
3758096388, 1757377970158679000, 1757377970158679000, 1180,  320,        0,    0,    0
3758096388, 1757377970158679000, 1757377970158679000, 1175,  190,        0,    0,    0
3489660931, 1757377970158679000, 1757377970158679000, 1220,    0,        0,    0,    0
3489660932, 1757377970158679000, 1757377970158679000, 1200, 1440,        0,    0,    0
3489660932, 1757377970158679000, 1757377970158679000, 1205, 1003,        0,    0,    0
3489660932, 1757377970158679000, 1757377970158679000, 1210, 1370,        0,    0,    0
3489660932, 1757377970158679000, 1757377970158679000, 1215,  458,        0,    0,    0
3489660932, 1757377970158679000, 1757377970158679000, 1220,  625,        0,    0,    0
3758096387, 1757377975175339000, 1757377975175339000, 1175,    0,        0,    0,    0
3758096388, 1757377975175339000, 1757377975175339000, 1195,   25,        0,    0,    0
3758096388, 1757377975175339000, 1757377975175339000, 1190,  466,        0,    0,    0
3758096388, 1757377975175339000, 1757377975175339000, 1185,  858,        0,    0,    0
3758096388, 1757377975175339000, 1757377975175339000, 1180,  339,        0,    0,    0
3758096388, 1757377975175339000, 1757377975175339000, 1175,  190,        0,    0,    0
3489660931, 1757377975175339000, 1757377975175339000, 1220,    0,        0,    0,    0
3489660932, 1757377975175339000, 1757377975175339000, 1200, 1451,        0,    0,    0
3489660932, 1757377975175339000, 1757377975175339000, 1205, 1020,        0,    0,    0
3489660932, 1757377975175339000, 1757377975175339000, 1210, 1372,        0,    0,    0
3489660932, 1757377975175339000, 1757377975175339000, 1215,  459,        0,    0,    0
3489660932, 1757377975175339000, 1757377975175339000, 1220,  626,        0,    0,    0
3758096387, 1757377980190938000, 1757377980190938000, 1175,    0,        0,    0,    0
3758096388, 1757377980190938000, 1757377980190938000, 1195,   25,        0,    0,    0
3758096388, 1757377980190938000, 1757377980190938000, 1190,  466,        0,    0,    0
3758096388, 1757377980190938000, 1757377980190938000, 1185,  880,        0,    0,    0
3758096388, 1757377980190938000, 1757377980190938000, 1180,  339,        0,    0,    0
3758096388, 1757377980190938000, 1757377980190938000, 1175,  191,        0,    0,    0
3489660931, 1757377980190938000, 1757377980190938000, 1220,    0,        0,    0,    0
3489660932, 1757377980190938000, 1757377980190938000, 1200, 1464,        0,    0,    0
3489660932, 1757377980190938000, 1757377980190938000, 1205, 1036,        0,    0,    0
3489660932, 1757377980190938000, 1757377980190938000, 1210, 1377,        0,    0,    0
3489660932, 1757377980190938000, 1757377980190938000, 1215,  460,        0,    0,    0
3489660932, 1757377980190938000, 1757377980190938000, 1220,  627,        0,    0,    0
3758096387, 1757377985205558000, 1757377985205558000, 1175,    0,        0,    0,    0
3758096388, 1757377985205558000, 1757377985205558000, 1195,   19,        0,    0,    0
3758096388, 1757377985205558000, 1757377985205558000, 1190,  468,        0,    0,    0
3758096388, 1757377985205558000, 1757377985205558000, 1185,  921,        0,    0,    0
3758096388, 1757377985205558000, 1757377985205558000, 1180,  339,        0,    0,    0
3758096388, 1757377985205558000, 1757377985205558000, 1175,  192,        0,    0,    0
3489660931, 1757377985205558000, 1757377985205558000, 1220,    0,        0,    0,    0
3489660932, 1757377985205558000, 1757377985205558000, 1200, 1479,        0,    0,    0
3489660932, 1757377985205558000, 1757377985205558000, 1205, 1051,        0,    0,    0
3489660932, 1757377985205558000, 1757377985205558000, 1210, 1381,        0,    0,    0
3489660932, 1757377985205558000, 1757377985205558000, 1215,  493,        0,    0,    0
3489660932, 1757377985205558000, 1757377985205558000, 1220,  628,        0,    0,    0
3758096387, 1757377990223223000, 1757377990223223000, 1175,    0,        0,    0,    0
3758096388, 1757377990223223000, 1757377990223223000, 1195,   19,        0,    0,    0
3758096388, 1757377990223223000, 1757377990223223000, 1190,  468,        0,    0,    0
3758096388, 1757377990223223000, 1757377990223223000, 1185,  925,        0,    0,    0
3758096388, 1757377990223223000, 1757377990223223000, 1180,  341,        0,    0,    0
3758096388, 1757377990223223000, 1757377990223223000, 1175,  193,        0,    0,    0
3489660931, 1757377990223223000, 1757377990223223000, 1220,    0,        0,    0,    0
3489660932, 1757377990223223000, 1757377990223223000, 1200, 1496,        0,    0,    0
3489660932, 1757377990223223000, 1757377990223223000, 1205, 1059,        0,    0,    0
3489660932, 1757377990223223000, 1757377990223223000, 1210, 1386,        0,    0,    0
3489660932, 1757377990223223000, 1757377990223223000, 1215,  493,        0,    0,    0
3489660932, 1757377990223223000, 1757377990223223000, 1220,  629,        0,    0,    0
3758096387, 1757377995240683000, 1757377995240683000, 1175,    0,        0,    0,    0
3758096388, 1757377995240683000, 1757377995240683000, 1195,   19,        0,    0,    0
3758096388, 1757377995240683000, 1757377995240683000, 1190,  489,        0,    0,    0
3758096388, 1757377995240683000, 1757377995240683000, 1185,  925,        0,    0,    0
3758096388, 1757377995240683000, 1757377995240683000, 1180,  343,        0,    0,    0
3758096388, 1757377995240683000, 1757377995240683000, 1175,  193,        0,    0,    0
3489660931, 1757377995240683000, 1757377995240683000, 1220,    0,        0,    0,    0
3489660932, 1757377995240683000, 1757377995240683000, 1200, 1499,        0,    0,    0
3489660932, 1757377995240683000, 1757377995240683000, 1205, 1062,        0,    0,    0
3489660932, 1757377995240683000, 1757377995240683000, 1210, 1421,        0,    0,    0
3489660932, 1757377995240683000, 1757377995240683000, 1215,  492,        0,    0,    0
3489660932, 1757377995240683000, 1757377995240683000, 1220,  633,        0,    0,    0
3758096387, 1757378000257518000, 1757378000257518000, 1175,    0,        0,    0,    0
3758096388, 1757378000257518000, 1757378000257518000, 1195,  373,        0,    0,    0
3758096388, 1757378000257518000, 1757378000257518000, 1190,  489,        0,    0,    0
3758096388, 1757378000257518000, 1757378000257518000, 1185,  905,        0,    0,    0
3758096388, 1757378000257518000, 1757378000257518000, 1180,  344,        0,    0,    0
3758096388, 1757378000257518000, 1757378000257518000, 1175,  193,        0,    0,    0
3489660931, 1757378000257518000, 1757378000257518000, 1220,    0,        0,    0,    0
3489660932, 1757378000257518000, 1757378000257518000, 1200, 1495,        0,    0,    0
3489660932, 1757378000257518000, 1757378000257518000, 1205, 1070,        0,    0,    0
3489660932, 1757378000257518000, 1757378000257518000, 1210, 1424,        0,    0,    0
3489660932, 1757378000257518000, 1757378000257518000, 1215,  495,        0,    0,    0
3489660932, 1757378000257518000, 1757378000257518000, 1220,  634,        0,    0,    0
3758096387, 1757378005270632000, 1757378005270632000, 1175,    0,        0,    0,    0
3758096388, 1757378005270632000, 1757378005270632000, 1195,  373,        0,    0,    0
3758096388, 1757378005270632000, 1757378005270632000, 1190,  489,        0,    0,    0
3758096388, 1757378005270632000, 1757378005270632000, 1185,  905,        0,    0,    0
3758096388, 1757378005270632000, 1757378005270632000, 1180,  346,        0,    0,    0
3758096388, 1757378005270632000, 1757378005270632000, 1175,  194,        0,    0,    0
3489660931, 1757378005270632000, 1757378005270632000, 1220,    0,        0,    0,    0
3489660932, 1757378005270632000, 1757378005270632000, 1200, 1507,        0,    0,    0
3489660932, 1757378005270632000, 1757378005270632000, 1205, 1073,        0,    0,    0
3489660932, 1757378005270632000, 1757378005270632000, 1210, 1439,        0,    0,    0
3489660932, 1757378005270632000, 1757378005270632000, 1215,  497,        0,    0,    0
3489660932, 1757378005270632000, 1757378005270632000, 1220,  639,        0,    0,    0
3758096387, 1757378010286724000, 1757378010286724000, 1175,    0,        0,    0,    0
3758096388, 1757378010286724000, 1757378010286724000, 1195,  373,        0,    0,    0
3758096388, 1757378010286724000, 1757378010286724000, 1190,  489,        0,    0,    0
3758096388, 1757378010286724000, 1757378010286724000, 1185,  905,        0,    0,    0
3758096388, 1757378010286724000, 1757378010286724000, 1180,  350,        0,    0,    0
3758096388, 1757378010286724000, 1757378010286724000, 1175,  198,        0,    0,    0
3489660931, 1757378010286724000, 1757378010286724000, 1220,    0,        0,    0,    0
3489660932, 1757378010286724000, 1757378010286724000, 1200, 1528,        0,    0,    0
3489660932, 1757378010286724000, 1757378010286724000, 1205, 1075,        0,    0,    0
3489660932, 1757378010286724000, 1757378010286724000, 1210, 1455,        0,    0,    0
3489660932, 1757378010286724000, 1757378010286724000, 1215,  500,        0,    0,    0
3489660932, 1757378010286724000, 1757378010286724000, 1220,  641,        0,    0,    0
3758096387, 1757378015302312000, 1757378015302312000, 1175,    0,        0,    0,    0
3758096388, 1757378015302312000, 1757378015302312000, 1195,  364,        0,    0,    0
3758096388, 1757378015302312000, 1757378015302312000, 1190,  489,        0,    0,    0
3758096388, 1757378015302312000, 1757378015302312000, 1185,  905,        0,    0,    0
3758096388, 1757378015302312000, 1757378015302312000, 1180,  351,        0,    0,    0
3758096388, 1757378015302312000, 1757378015302312000, 1175,  197,        0,    0,    0
3489660931, 1757378015302312000, 1757378015302312000, 1220,    0,        0,    0,    0
3489660932, 1757378015302312000, 1757378015302312000, 1200, 1548,        0,    0,    0
3489660932, 1757378015302312000, 1757378015302312000, 1205, 1082,        0,    0,    0
3489660932, 1757378015302312000, 1757378015302312000, 1210, 1458,        0,    0,    0
3489660932, 1757378015302312000, 1757378015302312000, 1215,  502,        0,    0,    0
3489660932, 1757378015302312000, 1757378015302312000, 1220,  641,        0,    0,    0
3758096387, 1757378020318961000, 1757378020318961000, 1175,    0,        0,    0,    0
3758096388, 1757378020318961000, 1757378020318961000, 1195,  365,        0,    0,    0
3758096388, 1757378020318961000, 1757378020318961000, 1190,  490,        0,    0,    0
3758096388, 1757378020318961000, 1757378020318961000, 1185,  905,        0,    0,    0
3758096388, 1757378020318961000, 1757378020318961000, 1180,  353,        0,    0,    0
3758096388, 1757378020318961000, 1757378020318961000, 1175,  197,        0,    0,    0
3489660931, 1757378020318961000, 1757378020318961000, 1220,    0,        0,    0,    0
3489660932, 1757378020318961000, 1757378020318961000, 1200, 1568,        0,    0,    0
3489660932, 1757378020318961000, 1757378020318961000, 1205, 1083,        0,    0,    0
3489660932, 1757378020318961000, 1757378020318961000, 1210, 1460,        0,    0,    0
3489660932, 1757378020318961000, 1757378020318961000, 1215,  516,        0,    0,    0
3489660932, 1757378020318961000, 1757378020318961000, 1220,  643,        0,    0,    0
3758096387, 1757378025336637000, 1757378025336637000, 1175,    0,        0,    0,    0
3758096388, 1757378025336637000, 1757378025336637000, 1195,  360,        0,    0,    0
3758096388, 1757378025336637000, 1757378025336637000, 1190,  490,        0,    0,    0
3758096388, 1757378025336637000, 1757378025336637000, 1185,  906,        0,    0,    0
3758096388, 1757378025336637000, 1757378025336637000, 1180,  354,        0,    0,    0
3758096388, 1757378025336637000, 1757378025336637000, 1175,  197,        0,    0,    0
3489660931, 1757378025336637000, 1757378025336637000, 1220,    0,        0,    0,    0
3489660932, 1757378025336637000, 1757378025336637000, 1200, 1574,        0,    0,    0
3489660932, 1757378025336637000, 1757378025336637000, 1205, 1084,        0,    0,    0
3489660932, 1757378025336637000, 1757378025336637000, 1210, 1465,        0,    0,    0
3489660932, 1757378025336637000, 1757378025336637000, 1215,  529,        0,    0,    0
3489660932, 1757378025336637000, 1757378025336637000, 1220,  645,        0,    0,    0
3758096387, 1757378030354307000, 1757378030354307000, 1175,    0,        0,    0,    0
3758096388, 1757378030354307000, 1757378030354307000, 1195,  377,        0,    0,    0
3758096388, 1757378030354307000, 1757378030354307000, 1190,  494,        0,    0,    0
3758096388, 1757378030354307000, 1757378030354307000, 1185,  910,        0,    0,    0
3758096388, 1757378030354307000, 1757378030354307000, 1180,  356,        0,    0,    0
3758096388, 1757378030354307000, 1757378030354307000, 1175,  197,        0,    0,    0
3489660931, 1757378030354307000, 1757378030354307000, 1220,    0,        0,    0,    0
3489660932, 1757378030354307000, 1757378030354307000, 1200, 1588,        0,    0,    0
3489660932, 1757378030354307000, 1757378030354307000, 1205, 1095,        0,    0,    0
3489660932, 1757378030354307000, 1757378030354307000, 1210, 1474,        0,    0,    0
3489660932, 1757378030354307000, 1757378030354307000, 1215,  531,        0,    0,    0
3489660932, 1757378030354307000, 1757378030354307000, 1220,  646,        0,    0,    0
3758096387, 1757378035370713000, 1757378035370713000, 1175,    0,        0,    0,    0
3758096388, 1757378035370713000, 1757378035370713000, 1195,  318,        0,    0,    0
3758096388, 1757378035370713000, 1757378035370713000, 1190,  505,        0,    0,    0
3758096388, 1757378035370713000, 1757378035370713000, 1185,  910,        0,    0,    0
3758096388, 1757378035370713000, 1757378035370713000, 1180,  356,        0,    0,    0
3758096388, 1757378035370713000, 1757378035370713000, 1175,  197,        0,    0,    0
3489660931, 1757378035370713000, 1757378035370713000, 1220,    0,        0,    0,    0
3489660932, 1757378035370713000, 1757378035370713000, 1200, 1598,        0,    0,    0
3489660932, 1757378035370713000, 1757378035370713000, 1205, 1098,        0,    0,    0
3489660932, 1757378035370713000, 1757378035370713000, 1210, 1484,        0,    0,    0
3489660932, 1757378035370713000, 1757378035370713000, 1215,  531,        0,    0,    0
3489660932, 1757378035370713000, 1757378035370713000, 1220,  649,        0,    0,    0
3758096387, 1757378040387577000, 1757378040387577000, 1175,    0,        0,    0,    0
3758096388, 1757378040387577000, 1757378040387577000, 1195,  260,        0,    0,    0
3758096388, 1757378040387577000, 1757378040387577000, 1190,  516,        0,    0,    0
3758096388, 1757378040387577000, 1757378040387577000, 1185,  912,        0,    0,    0
3758096388, 1757378040387577000, 1757378040387577000, 1180,  356,        0,    0,    0
3758096388, 1757378040387577000, 1757378040387577000, 1175,  197,        0,    0,    0
3489660931, 1757378040387577000, 1757378040387577000, 1220,    0,        0,    0,    0
3489660932, 1757378040387577000, 1757378040387577000, 1200, 1620,        0,    0,    0
3489660932, 1757378040387577000, 1757378040387577000, 1205, 1107,        0,    0,    0
3489660932, 1757378040387577000, 1757378040387577000, 1210, 1488,        0,    0,    0
3489660932, 1757378040387577000, 1757378040387577000, 1215,  534,        0,    0,    0
3489660932, 1757378040387577000, 1757378040387577000, 1220,  650,        0,    0,    0
3758096387, 1757378045404225000, 1757378045404225000, 1175,    0,        0,    0,    0
3758096388, 1757378045404225000, 1757378045404225000, 1195,  265,        0,    0,    0
3758096388, 1757378045404225000, 1757378045404225000, 1190,  516,        0,    0,    0
3758096388, 1757378045404225000, 1757378045404225000, 1185,  912,        0,    0,    0
3758096388, 1757378045404225000, 1757378045404225000, 1180,  358,        0,    0,    0
3758096388, 1757378045404225000, 1757378045404225000, 1175,  200,        0,    0,    0
3489660931, 1757378045404225000, 1757378045404225000, 1220,    0,        0,    0,    0
3489660932, 1757378045404225000, 1757378045404225000, 1200, 1630,        0,    0,    0
3489660932, 1757378045404225000, 1757378045404225000, 1205, 1111,        0,    0,    0
3489660932, 1757378045404225000, 1757378045404225000, 1210, 1493,        0,    0,    0
3489660932, 1757378045404225000, 1757378045404225000, 1215,  535,        0,    0,    0
3489660932, 1757378045404225000, 1757378045404225000, 1220,  649,        0,    0,    0
3758096387, 1757378050419831000, 1757378050419831000, 1175,    0,        0,    0,    0
3758096388, 1757378050419831000, 1757378050419831000, 1195,  265,        0,    0,    0
3758096388, 1757378050419831000, 1757378050419831000, 1190,  516,        0,    0,    0
3758096388, 1757378050419831000, 1757378050419831000, 1185,  923,        0,    0,    0
3758096388, 1757378050419831000, 1757378050419831000, 1180,  360,        0,    0,    0
3758096388, 1757378050419831000, 1757378050419831000, 1175,  201,        0,    0,    0
3489660931, 1757378050419831000, 1757378050419831000, 1220,    0,        0,    0,    0
3489660932, 1757378050419831000, 1757378050419831000, 1200, 1639,        0,    0,    0
3489660932, 1757378050419831000, 1757378050419831000, 1205, 1114,        0,    0,    0
3489660932, 1757378050419831000, 1757378050419831000, 1210, 1496,        0,    0,    0
3489660932, 1757378050419831000, 1757378050419831000, 1215,  537,        0,    0,    0
3489660932, 1757378050419831000, 1757378050419831000, 1220,  650,        0,    0,    0
3758096387, 1757378055434415000, 1757378055434415000, 1175,    0,        0,    0,    0
3758096388, 1757378055434415000, 1757378055434415000, 1195,  265,        0,    0,    0
3758096388, 1757378055434415000, 1757378055434415000, 1190,  518,        0,    0,    0
3758096388, 1757378055434415000, 1757378055434415000, 1185,  934,        0,    0,    0
3758096388, 1757378055434415000, 1757378055434415000, 1180,  361,        0,    0,    0
3758096388, 1757378055434415000, 1757378055434415000, 1175,  200,        0,    0,    0
3489660931, 1757378055434415000, 1757378055434415000, 1220,    0,        0,    0,    0
3489660932, 1757378055434415000, 1757378055434415000, 1200, 1650,        0,    0,    0
3489660932, 1757378055434415000, 1757378055434415000, 1205, 1116,        0,    0,    0
3489660932, 1757378055434415000, 1757378055434415000, 1210, 1503,        0,    0,    0
3489660932, 1757378055434415000, 1757378055434415000, 1215,  536,        0,    0,    0
3489660932, 1757378055434415000, 1757378055434415000, 1220,  672,        0,    0,    0
3758096387, 1757378060449013000, 1757378060449013000, 1175,    0,        0,    0,    0
3758096388, 1757378060449013000, 1757378060449013000, 1195,  266,        0,    0,    0
3758096388, 1757378060449013000, 1757378060449013000, 1190,  518,        0,    0,    0
3758096388, 1757378060449013000, 1757378060449013000, 1185,  932,        0,    0,    0
3758096388, 1757378060449013000, 1757378060449013000, 1180,  366,        0,    0,    0
3758096388, 1757378060449013000, 1757378060449013000, 1175,  200,        0,    0,    0
3489660931, 1757378060449013000, 1757378060449013000, 1220,    0,        0,    0,    0
3489660932, 1757378060449013000, 1757378060449013000, 1200, 1659,        0,    0,    0
3489660932, 1757378060449013000, 1757378060449013000, 1205, 1118,        0,    0,    0
3489660932, 1757378060449013000, 1757378060449013000, 1210, 1509,        0,    0,    0
3489660932, 1757378060449013000, 1757378060449013000, 1215,  555,        0,    0,    0
3489660932, 1757378060449013000, 1757378060449013000, 1220,  673,        0,    0,    0
3758096387, 1757378065464629000, 1757378065464629000, 1175,    0,        0,    0,    0
3758096388, 1757378065464629000, 1757378065464629000, 1195,  266,        0,    0,    0
3758096388, 1757378065464629000, 1757378065464629000, 1190,  520,        0,    0,    0
3758096388, 1757378065464629000, 1757378065464629000, 1185,  932,        0,    0,    0
3758096388, 1757378065464629000, 1757378065464629000, 1180,  378,        0,    0,    0
3758096388, 1757378065464629000, 1757378065464629000, 1175,  200,        0,    0,    0
3489660931, 1757378065464629000, 1757378065464629000, 1220,    0,        0,    0,    0
3489660932, 1757378065464629000, 1757378065464629000, 1200, 1668,        0,    0,    0
3489660932, 1757378065464629000, 1757378065464629000, 1205, 1121,        0,    0,    0
3489660932, 1757378065464629000, 1757378065464629000, 1210, 1512,        0,    0,    0
3489660932, 1757378065464629000, 1757378065464629000, 1215,  555,        0,    0,    0
3489660932, 1757378065464629000, 1757378065464629000, 1220,  673,        0,    0,    0
3758096387, 1757378070481277000, 1757378070481277000, 1175,    0,        0,    0,    0
3758096388, 1757378070481277000, 1757378070481277000, 1195,  264,        0,    0,    0
3758096388, 1757378070481277000, 1757378070481277000, 1190,  520,        0,    0,    0
3758096388, 1757378070481277000, 1757378070481277000, 1185,  932,        0,    0,    0
3758096388, 1757378070481277000, 1757378070481277000, 1180,  415,        0,    0,    0
3758096388, 1757378070481277000, 1757378070481277000, 1175,  200,        0,    0,    0
3489660931, 1757378070481277000, 1757378070481277000, 1220,    0,        0,    0,    0
3489660932, 1757378070481277000, 1757378070481277000, 1200, 1677,        0,    0,    0
3489660932, 1757378070481277000, 1757378070481277000, 1205, 1130,        0,    0,    0
3489660932, 1757378070481277000, 1757378070481277000, 1210, 1572,        0,    0,    0
3489660932, 1757378070481277000, 1757378070481277000, 1215,  555,        0,    0,    0
3489660932, 1757378070481277000, 1757378070481277000, 1220,  673,        0,    0,    0
3758096387, 1757378075497968000, 1757378075497968000, 1175,    0,        0,    0,    0
3758096388, 1757378075497968000, 1757378075497968000, 1195,  256,        0,    0,    0
3758096388, 1757378075497968000, 1757378075497968000, 1190,  520,        0,    0,    0
3758096388, 1757378075497968000, 1757378075497968000, 1185,  935,        0,    0,    0
3758096388, 1757378075497968000, 1757378075497968000, 1180,  418,        0,    0,    0
3758096388, 1757378075497968000, 1757378075497968000, 1175,  205,        0,    0,    0
3489660931, 1757378075497968000, 1757378075497968000, 1220,    0,        0,    0,    0
3489660932, 1757378075497968000, 1757378075497968000, 1200, 1681,        0,    0,    0
3489660932, 1757378075497968000, 1757378075497968000, 1205, 1134,        0,    0,    0
3489660932, 1757378075497968000, 1757378075497968000, 1210, 1574,        0,    0,    0
3489660932, 1757378075497968000, 1757378075497968000, 1215,  557,        0,    0,    0
3489660932, 1757378075497968000, 1757378075497968000, 1220,  676,        0,    0,    0
3758096387, 1757378080514567000, 1757378080514567000, 1175,    0,        0,    0,    0
3758096388, 1757378080514567000, 1757378080514567000, 1195,  256,        0,    0,    0
3758096388, 1757378080514567000, 1757378080514567000, 1190,  520,        0,    0,    0
3758096388, 1757378080514567000, 1757378080514567000, 1185,  935,        0,    0,    0
3758096388, 1757378080514567000, 1757378080514567000, 1180,  418,        0,    0,    0
3758096388, 1757378080514567000, 1757378080514567000, 1175,  205,        0,    0,    0
3489660931, 1757378080514567000, 1757378080514567000, 1220,    0,        0,    0,    0
3489660932, 1757378080514567000, 1757378080514567000, 1200, 1687,        0,    0,    0
3489660932, 1757378080514567000, 1757378080514567000, 1205, 1140,        0,    0,    0
3489660932, 1757378080514567000, 1757378080514567000, 1210, 1584,        0,    0,    0
3489660932, 1757378080514567000, 1757378080514567000, 1215,  559,        0,    0,    0
3489660932, 1757378080514567000, 1757378080514567000, 1220,  676,        0,    0,    0
3758096387, 1757378085529149000, 1757378085529149000, 1175,    0,        0,    0,    0
3758096388, 1757378085529149000, 1757378085529149000, 1195,  253,        0,    0,    0
3758096388, 1757378085529149000, 1757378085529149000, 1190,  520,        0,    0,    0
3758096388, 1757378085529149000, 1757378085529149000, 1185,  935,        0,    0,    0
3758096388, 1757378085529149000, 1757378085529149000, 1180,  419,        0,    0,    0
3758096388, 1757378085529149000, 1757378085529149000, 1175,  205,        0,    0,    0
3489660931, 1757378085529149000, 1757378085529149000, 1220,    0,        0,    0,    0
3489660932, 1757378085529149000, 1757378085529149000, 1200, 1693,        0,    0,    0
3489660932, 1757378085529149000, 1757378085529149000, 1205, 1142,        0,    0,    0
3489660932, 1757378085529149000, 1757378085529149000, 1210, 1588,        0,    0,    0
3489660932, 1757378085529149000, 1757378085529149000, 1215,  563,        0,    0,    0
3489660932, 1757378085529149000, 1757378085529149000, 1220,  684,        0,    0,    0
3758096387, 1757378090546829000, 1757378090546829000, 1175,    0,        0,    0,    0
3758096388, 1757378090546829000, 1757378090546829000, 1195,  248,        0,    0,    0
3758096388, 1757378090546829000, 1757378090546829000, 1190,  520,        0,    0,    0
3758096388, 1757378090546829000, 1757378090546829000, 1185,  935,        0,    0,    0
3758096388, 1757378090546829000, 1757378090546829000, 1180,  419,        0,    0,    0
3758096388, 1757378090546829000, 1757378090546829000, 1175,  205,        0,    0,    0
3489660931, 1757378090546829000, 1757378090546829000, 1220,    0,        0,    0,    0
3489660932, 1757378090546829000, 1757378090546829000, 1200, 1708,        0,    0,    0
3489660932, 1757378090546829000, 1757378090546829000, 1205, 1144,        0,    0,    0
3489660932, 1757378090546829000, 1757378090546829000, 1210, 1588,        0,    0,    0
3489660932, 1757378090546829000, 1757378090546829000, 1215,  563,        0,    0,    0
3489660932, 1757378090546829000, 1757378090546829000, 1220,  684,        0,    0,    0
3758096387, 1757378095562441000, 1757378095562441000, 1175,    0,        0,    0,    0
3758096388, 1757378095562441000, 1757378095562441000, 1195,  248,        0,    0,    0
3758096388, 1757378095562441000, 1757378095562441000, 1190,  520,        0,    0,    0
3758096388, 1757378095562441000, 1757378095562441000, 1185,  935,        0,    0,    0
3758096388, 1757378095562441000, 1757378095562441000, 1180,  419,        0,    0,    0
3758096388, 1757378095562441000, 1757378095562441000, 1175,  206,        0,    0,    0
3489660931, 1757378095562441000, 1757378095562441000, 1220,    0,        0,    0,    0
3489660932, 1757378095562441000, 1757378095562441000, 1200, 1717,        0,    0,    0
3489660932, 1757378095562441000, 1757378095562441000, 1205, 1158,        0,    0,    0
3489660932, 1757378095562441000, 1757378095562441000, 1210, 1592,        0,    0,    0
3489660932, 1757378095562441000, 1757378095562441000, 1215,  563,        0,    0,    0
3489660932, 1757378095562441000, 1757378095562441000, 1220,  685,        0,    0,    0
3758096387, 1757378100580116000, 1757378100580116000, 1175,    0,        0,    0,    0
3758096388, 1757378100580116000, 1757378100580116000, 1195,  257,        0,    0,    0
3758096388, 1757378100580116000, 1757378100580116000, 1190,  520,        0,    0,    0
3758096388, 1757378100580116000, 1757378100580116000, 1185,  935,        0,    0,    0
3758096388, 1757378100580116000, 1757378100580116000, 1180,  419,        0,    0,    0
3758096388, 1757378100580116000, 1757378100580116000, 1175,  207,        0,    0,    0
3489660931, 1757378100580116000, 1757378100580116000, 1220,    0,        0,    0,    0
3489660932, 1757378100580116000, 1757378100580116000, 1200, 1724,        0,    0,    0
3489660932, 1757378100580116000, 1757378100580116000, 1205, 1162,        0,    0,    0
3489660932, 1757378100580116000, 1757378100580116000, 1210, 1597,        0,    0,    0
3489660932, 1757378100580116000, 1757378100580116000, 1215,  563,        0,    0,    0
3489660932, 1757378100580116000, 1757378100580116000, 1220,  687,        0,    0,    0
3758096387, 1757378105594692000, 1757378105594692000, 1175,    0,        0,    0,    0
3758096388, 1757378105594692000, 1757378105594692000, 1195,  249,        0,    0,    0
3758096388, 1757378105594692000, 1757378105594692000, 1190,  520,        0,    0,    0
3758096388, 1757378105594692000, 1757378105594692000, 1185,  935,        0,    0,    0
3758096388, 1757378105594692000, 1757378105594692000, 1180,  419,        0,    0,    0
3758096388, 1757378105594692000, 1757378105594692000, 1175,  207,        0,    0,    0
3489660931, 1757378105594692000, 1757378105594692000, 1220,    0,        0,    0,    0
3489660932, 1757378105594692000, 1757378105594692000, 1200, 1729,        0,    0,    0
3489660932, 1757378105594692000, 1757378105594692000, 1205, 1160,        0,    0,    0
3489660932, 1757378105594692000, 1757378105594692000, 1210, 1611,        0,    0,    0
3489660932, 1757378105594692000, 1757378105594692000, 1215,  564,        0,    0,    0
3489660932, 1757378105594692000, 1757378105594692000, 1220,  695,        0,    0,    0
3758096387, 1757378110609226000, 1757378110609226000, 1175,    0,        0,    0,    0
3758096388, 1757378110609226000, 1757378110609226000, 1195,  361,        0,    0,    0
3758096388, 1757378110609226000, 1757378110609226000, 1190,  520,        0,    0,    0
3758096388, 1757378110609226000, 1757378110609226000, 1185,  935,        0,    0,    0
3758096388, 1757378110609226000, 1757378110609226000, 1180,  419,        0,    0,    0
3758096388, 1757378110609226000, 1757378110609226000, 1175,  209,        0,    0,    0
3489660931, 1757378110609226000, 1757378110609226000, 1220,    0,        0,    0,    0
3489660932, 1757378110609226000, 1757378110609226000, 1200, 1737,        0,    0,    0
3489660932, 1757378110609226000, 1757378110609226000, 1205, 1166,        0,    0,    0
3489660932, 1757378110609226000, 1757378110609226000, 1210, 1613,        0,    0,    0
3489660932, 1757378110609226000, 1757378110609226000, 1215,  574,        0,    0,    0
3489660932, 1757378110609226000, 1757378110609226000, 1220,  695,        0,    0,    0
3758096387, 1757378115624918000, 1757378115624918000, 1175,    0,        0,    0,    0
3758096388, 1757378115624918000, 1757378115624918000, 1195,  366,        0,    0,    0
3758096388, 1757378115624918000, 1757378115624918000, 1190,  520,        0,    0,    0
3758096388, 1757378115624918000, 1757378115624918000, 1185,  940,        0,    0,    0
3758096388, 1757378115624918000, 1757378115624918000, 1180,  419,        0,    0,    0
3758096388, 1757378115624918000, 1757378115624918000, 1175,  208,        0,    0,    0
3489660931, 1757378115624918000, 1757378115624918000, 1220,    0,        0,    0,    0
3489660932, 1757378115624918000, 1757378115624918000, 1200, 1743,        0,    0,    0
3489660932, 1757378115624918000, 1757378115624918000, 1205, 1178,        0,    0,    0
3489660932, 1757378115624918000, 1757378115624918000, 1210, 1615,        0,    0,    0
3489660932, 1757378115624918000, 1757378115624918000, 1215,  574,        0,    0,    0
3489660932, 1757378115624918000, 1757378115624918000, 1220,  696,        0,    0,    0
3758096387, 1757378120639507000, 1757378120639507000, 1175,    0,        0,    0,    0
3758096388, 1757378120639507000, 1757378120639507000, 1195,  366,        0,    0,    0
3758096388, 1757378120639507000, 1757378120639507000, 1190,  520,        0,    0,    0
3758096388, 1757378120639507000, 1757378120639507000, 1185,  942,        0,    0,    0
3758096388, 1757378120639507000, 1757378120639507000, 1180,  419,        0,    0,    0
3758096388, 1757378120639507000, 1757378120639507000, 1175,  208,        0,    0,    0
3489660931, 1757378120639507000, 1757378120639507000, 1220,    0,        0,    0,    0
3489660932, 1757378120639507000, 1757378120639507000, 1200, 1747,        0,    0,    0
3489660932, 1757378120639507000, 1757378120639507000, 1205, 1187,        0,    0,    0
3489660932, 1757378120639507000, 1757378120639507000, 1210, 1618,        0,    0,    0
3489660932, 1757378120639507000, 1757378120639507000, 1215,  575,        0,    0,    0
3489660932, 1757378120639507000, 1757378120639507000, 1220,  706,        0,    0,    0
3758096387, 1757378125656147000, 1757378125656147000, 1175,    0,        0,    0,    0
3758096388, 1757378125656147000, 1757378125656147000, 1195,  469,        0,    0,    0
3758096388, 1757378125656147000, 1757378125656147000, 1190,  522,        0,    0,    0
3758096388, 1757378125656147000, 1757378125656147000, 1185,  942,        0,    0,    0
3758096388, 1757378125656147000, 1757378125656147000, 1180,  419,        0,    0,    0
3758096388, 1757378125656147000, 1757378125656147000, 1175,  208,        0,    0,    0
3489660931, 1757378125656147000, 1757378125656147000, 1220,    0,        0,    0,    0
3489660932, 1757378125656147000, 1757378125656147000, 1200, 1761,        0,    0,    0
3489660932, 1757378125656147000, 1757378125656147000, 1205, 1192,        0,    0,    0
3489660932, 1757378125656147000, 1757378125656147000, 1210, 1630,        0,    0,    0
3489660932, 1757378125656147000, 1757378125656147000, 1215,  577,        0,    0,    0
3489660932, 1757378125656147000, 1757378125656147000, 1220,  706,        0,    0,    0
3758096387, 1757378130672792000, 1757378130672792000, 1175,    0,        0,    0,    0
3758096388, 1757378130672792000, 1757378130672792000, 1195,  483,        0,    0,    0
3758096388, 1757378130672792000, 1757378130672792000, 1190,  544,        0,    0,    0
3758096388, 1757378130672792000, 1757378130672792000, 1185,  942,        0,    0,    0
3758096388, 1757378130672792000, 1757378130672792000, 1180,  424,        0,    0,    0
3758096388, 1757378130672792000, 1757378130672792000, 1175,  208,        0,    0,    0
3489660931, 1757378130672792000, 1757378130672792000, 1220,    0,        0,    0,    0
3489660932, 1757378130672792000, 1757378130672792000, 1200, 1769,        0,    0,    0
3489660932, 1757378130672792000, 1757378130672792000, 1205, 1204,        0,    0,    0
3489660932, 1757378130672792000, 1757378130672792000, 1210, 1631,        0,    0,    0
3489660932, 1757378130672792000, 1757378130672792000, 1215,  577,        0,    0,    0
3489660932, 1757378130672792000, 1757378130672792000, 1220,  707,        0,    0,    0
3758096387, 1757378135687963000, 1757378135687963000, 1175,    0,        0,    0,    0
3758096388, 1757378135687963000, 1757378135687963000, 1195,  382,        0,    0,    0
3758096388, 1757378135687963000, 1757378135687963000, 1190,  544,        0,    0,    0
3758096388, 1757378135687963000, 1757378135687963000, 1185,  942,        0,    0,    0
3758096388, 1757378135687963000, 1757378135687963000, 1180,  424,        0,    0,    0
3758096388, 1757378135687963000, 1757378135687963000, 1175,  208,        0,    0,    0
3489660931, 1757378135687963000, 1757378135687963000, 1220,    0,        0,    0,    0
3489660932, 1757378135687963000, 1757378135687963000, 1200, 1770,        0,    0,    0
3489660932, 1757378135687963000, 1757378135687963000, 1205, 1206,        0,    0,    0
3489660932, 1757378135687963000, 1757378135687963000, 1210, 1634,        0,    0,    0
3489660932, 1757378135687963000, 1757378135687963000, 1215,  579,        0,    0,    0
3489660932, 1757378135687963000, 1757378135687963000, 1220,  708,        0,    0,    0
3758096387, 1757378140700959000, 1757378140700959000, 1175,    0,        0,    0,    0
3758096388, 1757378140700959000, 1757378140700959000, 1195,  379,        0,    0,    0
3758096388, 1757378140700959000, 1757378140700959000, 1190,  547,        0,    0,    0
3758096388, 1757378140700959000, 1757378140700959000, 1185,  942,        0,    0,    0
3758096388, 1757378140700959000, 1757378140700959000, 1180,  424,        0,    0,    0
3758096388, 1757378140700959000, 1757378140700959000, 1175,  208,        0,    0,    0
3489660931, 1757378140700959000, 1757378140700959000, 1220,    0,        0,    0,    0
3489660932, 1757378140700959000, 1757378140700959000, 1200, 1772,        0,    0,    0
3489660932, 1757378140700959000, 1757378140700959000, 1205, 1213,        0,    0,    0
3489660932, 1757378140700959000, 1757378140700959000, 1210, 1634,        0,    0,    0
3489660932, 1757378140700959000, 1757378140700959000, 1215,  579,        0,    0,    0
3489660932, 1757378140700959000, 1757378140700959000, 1220,  714,        0,    0,    0
3758096387, 1757378145717595000, 1757378145717595000, 1175,    0,        0,    0,    0
3758096388, 1757378145717595000, 1757378145717595000, 1195,  378,        0,    0,    0
3758096388, 1757378145717595000, 1757378145717595000, 1190,  646,        0,    0,    0
3758096388, 1757378145717595000, 1757378145717595000, 1185, 1042,        0,    0,    0
3758096388, 1757378145717595000, 1757378145717595000, 1180,  424,        0,    0,    0
3758096388, 1757378145717595000, 1757378145717595000, 1175,  209,        0,    0,    0
3489660931, 1757378145717595000, 1757378145717595000, 1220,    0,        0,    0,    0
3489660932, 1757378145717595000, 1757378145717595000, 1200, 1771,        0,    0,    0
3489660932, 1757378145717595000, 1757378145717595000, 1205, 1218,        0,    0,    0
3489660932, 1757378145717595000, 1757378145717595000, 1210, 1644,        0,    0,    0
3489660932, 1757378145717595000, 1757378145717595000, 1215,  579,        0,    0,    0
3489660932, 1757378145717595000, 1757378145717595000, 1220,  715,        0,    0,    0
3758096387, 1757378150734247000, 1757378150734247000, 1175,    0,        0,    0,    0
3758096388, 1757378150734247000, 1757378150734247000, 1195,  377,        0,    0,    0
3758096388, 1757378150734247000, 1757378150734247000, 1190,  646,        0,    0,    0
3758096388, 1757378150734247000, 1757378150734247000, 1185, 1042,        0,    0,    0
3758096388, 1757378150734247000, 1757378150734247000, 1180,  426,        0,    0,    0
3758096388, 1757378150734247000, 1757378150734247000, 1175,  209,        0,    0,    0
3489660931, 1757378150734247000, 1757378150734247000, 1220,    0,        0,    0,    0
3489660932, 1757378150734247000, 1757378150734247000, 1200, 1774,        0,    0,    0
3489660932, 1757378150734247000, 1757378150734247000, 1205, 1223,        0,    0,    0
3489660932, 1757378150734247000, 1757378150734247000, 1210, 1646,        0,    0,    0
3489660932, 1757378150734247000, 1757378150734247000, 1215,  579,        0,    0,    0
3489660932, 1757378150734247000, 1757378150734247000, 1220,  715,        0,    0,    0
3758096387, 1757378155748823000, 1757378155748823000, 1175,    0,        0,    0,    0
3758096388, 1757378155748823000, 1757378155748823000, 1195,  376,        0,    0,    0
3758096388, 1757378155748823000, 1757378155748823000, 1190,  646,        0,    0,    0
3758096388, 1757378155748823000, 1757378155748823000, 1185, 1042,        0,    0,    0
3758096388, 1757378155748823000, 1757378155748823000, 1180,  427,        0,    0,    0
3758096388, 1757378155748823000, 1757378155748823000, 1175,  209,        0,    0,    0
3489660931, 1757378155748823000, 1757378155748823000, 1220,    0,        0,    0,    0
3489660932, 1757378155748823000, 1757378155748823000, 1200, 1779,        0,    0,    0
3489660932, 1757378155748823000, 1757378155748823000, 1205, 1330,        0,    0,    0
3489660932, 1757378155748823000, 1757378155748823000, 1210, 1748,        0,    0,    0
3489660932, 1757378155748823000, 1757378155748823000, 1215,  681,        0,    0,    0
3489660932, 1757378155748823000, 1757378155748823000, 1220,  767,        0,    0,    0
3758096387, 1757378160764447000, 1757378160764447000, 1175,    0,        0,    0,    0
3758096388, 1757378160764447000, 1757378160764447000, 1195,  475,        0,    0,    0
3758096388, 1757378160764447000, 1757378160764447000, 1190,  645,        0,    0,    0
3758096388, 1757378160764447000, 1757378160764447000, 1185, 1042,        0,    0,    0
3758096388, 1757378160764447000, 1757378160764447000, 1180,  427,        0,    0,    0
3758096388, 1757378160764447000, 1757378160764447000, 1175,  209,        0,    0,    0
3489660931, 1757378160764447000, 1757378160764447000, 1220,    0,        0,    0,    0
3489660932, 1757378160764447000, 1757378160764447000, 1200, 1775,        0,    0,    0
3489660932, 1757378160764447000, 1757378160764447000, 1205, 1340,        0,    0,    0
3489660932, 1757378160764447000, 1757378160764447000, 1210, 1748,        0,    0,    0
3489660932, 1757378160764447000, 1757378160764447000, 1215,  681,        0,    0,    0
3489660932, 1757378160764447000, 1757378160764447000, 1220,  765,        0,    0,    0
3758096387, 1757378165780074000, 1757378165780074000, 1175,    0,        0,    0,    0
3758096388, 1757378165780074000, 1757378165780074000, 1195,  475,        0,    0,    0
3758096388, 1757378165780074000, 1757378165780074000, 1190,  645,        0,    0,    0
3758096388, 1757378165780074000, 1757378165780074000, 1185, 1043,        0,    0,    0
3758096388, 1757378165780074000, 1757378165780074000, 1180,  426,        0,    0,    0
3758096388, 1757378165780074000, 1757378165780074000, 1175,  210,        0,    0,    0
3489660931, 1757378165780074000, 1757378165780074000, 1220,    0,        0,    0,    0
3489660932, 1757378165780074000, 1757378165780074000, 1200, 1782,        0,    0,    0
3489660932, 1757378165780074000, 1757378165780074000, 1205, 1341,        0,    0,    0
3489660932, 1757378165780074000, 1757378165780074000, 1210, 1747,        0,    0,    0
3489660932, 1757378165780074000, 1757378165780074000, 1215,  683,        0,    0,    0
3489660932, 1757378165780074000, 1757378165780074000, 1220,  775,        0,    0,    0
3758096387, 1757378170795686000, 1757378170795686000, 1175,    0,        0,    0,    0
3758096388, 1757378170795686000, 1757378170795686000, 1195,  493,        0,    0,    0
3758096388, 1757378170795686000, 1757378170795686000, 1190,  645,        0,    0,    0
3758096388, 1757378170795686000, 1757378170795686000, 1185, 1044,        0,    0,    0
3758096388, 1757378170795686000, 1757378170795686000, 1180,  428,        0,    0,    0
3758096388, 1757378170795686000, 1757378170795686000, 1175,  210,        0,    0,    0
3489660931, 1757378170795686000, 1757378170795686000, 1220,    0,        0,    0,    0
3489660932, 1757378170795686000, 1757378170795686000, 1200, 1668,        0,    0,    0
3489660932, 1757378170795686000, 1757378170795686000, 1205, 1343,        0,    0,    0
3489660932, 1757378170795686000, 1757378170795686000, 1210, 1748,        0,    0,    0
3489660932, 1757378170795686000, 1757378170795686000, 1215,  684,        0,    0,    0
3489660932, 1757378170795686000, 1757378170795686000, 1220,  777,        0,    0,    0
3758096387, 1757378175810229000, 1757378175810229000, 1175,    0,        0,    0,    0
3758096388, 1757378175810229000, 1757378175810229000, 1195,  493,        0,    0,    0
3758096388, 1757378175810229000, 1757378175810229000, 1190,  646,        0,    0,    0
3758096388, 1757378175810229000, 1757378175810229000, 1185, 1044,        0,    0,    0
3758096388, 1757378175810229000, 1757378175810229000, 1180,  429,        0,    0,    0
3758096388, 1757378175810229000, 1757378175810229000, 1175,  210,        0,    0,    0
3489660931, 1757378175810229000, 1757378175810229000, 1220,    0,        0,    0,    0
3489660932, 1757378175810229000, 1757378175810229000, 1200, 1658,        0,    0,    0
3489660932, 1757378175810229000, 1757378175810229000, 1205, 1346,        0,    0,    0
3489660932, 1757378175810229000, 1757378175810229000, 1210, 1749,        0,    0,    0
3489660932, 1757378175810229000, 1757378175810229000, 1215,  684,        0,    0,    0
3489660932, 1757378175810229000, 1757378175810229000, 1220,  777,        0,    0,    0
3758096387, 1757378180826912000, 1757378180826912000, 1175,    0,        0,    0,    0
3758096388, 1757378180826912000, 1757378180826912000, 1195,  493,        0,    0,    0
3758096388, 1757378180826912000, 1757378180826912000, 1190,  647,        0,    0,    0
3758096388, 1757378180826912000, 1757378180826912000, 1185, 1044,        0,    0,    0
3758096388, 1757378180826912000, 1757378180826912000, 1180,  429,        0,    0,    0
3758096388, 1757378180826912000, 1757378180826912000, 1175,  211,        0,    0,    0
3489660931, 1757378180826912000, 1757378180826912000, 1220,    0,        0,    0,    0
3489660932, 1757378180826912000, 1757378180826912000, 1200, 1660,        0,    0,    0
3489660932, 1757378180826912000, 1757378180826912000, 1205, 1349,        0,    0,    0
3489660932, 1757378180826912000, 1757378180826912000, 1210, 1753,        0,    0,    0
3489660932, 1757378180826912000, 1757378180826912000, 1215,  685,        0,    0,    0
3489660932, 1757378180826912000, 1757378180826912000, 1220,  808,        0,    0,    0
3758096387, 1757378185843556000, 1757378185843556000, 1175,    0,        0,    0,    0
3758096388, 1757378185843556000, 1757378185843556000, 1195,  493,        0,    0,    0
3758096388, 1757378185843556000, 1757378185843556000, 1190,  647,        0,    0,    0
3758096388, 1757378185843556000, 1757378185843556000, 1185, 1044,        0,    0,    0
3758096388, 1757378185843556000, 1757378185843556000, 1180,  430,        0,    0,    0
3758096388, 1757378185843556000, 1757378185843556000, 1175,  211,        0,    0,    0
3489660931, 1757378185843556000, 1757378185843556000, 1220,    0,        0,    0,    0
3489660932, 1757378185843556000, 1757378185843556000, 1200, 1669,        0,    0,    0
3489660932, 1757378185843556000, 1757378185843556000, 1205, 1351,        0,    0,    0
3489660932, 1757378185843556000, 1757378185843556000, 1210, 1754,        0,    0,    0
3489660932, 1757378185843556000, 1757378185843556000, 1215,  688,        0,    0,    0
3489660932, 1757378185843556000, 1757378185843556000, 1220,  808,        0,    0,    0
3758096387, 1757378190859176000, 1757378190859176000, 1175,    0,        0,    0,    0
3758096388, 1757378190859176000, 1757378190859176000, 1195,  493,        0,    0,    0
3758096388, 1757378190859176000, 1757378190859176000, 1190,  647,        0,    0,    0
3758096388, 1757378190859176000, 1757378190859176000, 1185, 1045,        0,    0,    0
3758096388, 1757378190859176000, 1757378190859176000, 1180,  430,        0,    0,    0
3758096388, 1757378190859176000, 1757378190859176000, 1175,  211,        0,    0,    0
3489660931, 1757378190859176000, 1757378190859176000, 1220,    0,        0,    0,    0
3489660932, 1757378190859176000, 1757378190859176000, 1200, 1675,        0,    0,    0
3489660932, 1757378190859176000, 1757378190859176000, 1205, 1351,        0,    0,    0
3489660932, 1757378190859176000, 1757378190859176000, 1210, 1766,        0,    0,    0
3489660932, 1757378190859176000, 1757378190859176000, 1215,  688,        0,    0,    0
3489660932, 1757378190859176000, 1757378190859176000, 1220,  808,        0,    0,    0
3758096387, 1757378195874776000, 1757378195874776000, 1175,    0,        0,    0,    0
3758096388, 1757378195874776000, 1757378195874776000, 1195,  495,        0,    0,    0
3758096388, 1757378195874776000, 1757378195874776000, 1190,  647,        0,    0,    0
3758096388, 1757378195874776000, 1757378195874776000, 1185, 1044,        0,    0,    0
3758096388, 1757378195874776000, 1757378195874776000, 1180,  431,        0,    0,    0
3758096388, 1757378195874776000, 1757378195874776000, 1175,  211,        0,    0,    0
3489660931, 1757378195874776000, 1757378195874776000, 1220,    0,        0,    0,    0
3489660932, 1757378195874776000, 1757378195874776000, 1200, 1684,        0,    0,    0
3489660932, 1757378195874776000, 1757378195874776000, 1205, 1358,        0,    0,    0
3489660932, 1757378195874776000, 1757378195874776000, 1210, 1770,        0,    0,    0
3489660932, 1757378195874776000, 1757378195874776000, 1215,  690,        0,    0,    0
3489660932, 1757378195874776000, 1757378195874776000, 1220,  808,        0,    0,    0
3758096387, 1757378200892447000, 1757378200892447000, 1175,    0,        0,    0,    0
3758096388, 1757378200892447000, 1757378200892447000, 1195,  495,        0,    0,    0
3758096388, 1757378200892447000, 1757378200892447000, 1190,  647,        0,    0,    0
3758096388, 1757378200892447000, 1757378200892447000, 1185, 1044,        0,    0,    0
3758096388, 1757378200892447000, 1757378200892447000, 1180,  433,        0,    0,    0
3758096388, 1757378200892447000, 1757378200892447000, 1175,  210,        0,    0,    0
3489660931, 1757378200892447000, 1757378200892447000, 1220,    0,        0,    0,    0
3489660932, 1757378200892447000, 1757378200892447000, 1200, 1688,        0,    0,    0
3489660932, 1757378200892447000, 1757378200892447000, 1205, 1361,        0,    0,    0
3489660932, 1757378200892447000, 1757378200892447000, 1210, 1773,        0,    0,    0
3489660932, 1757378200892447000, 1757378200892447000, 1215,  690,        0,    0,    0
3489660932, 1757378200892447000, 1757378200892447000, 1220,  808,        0,    0,    0
3758096387, 1757378205909077000, 1757378205909077000, 1175,    0,        0,    0,    0
3758096388, 1757378205909077000, 1757378205909077000, 1195,  495,        0,    0,    0
3758096388, 1757378205909077000, 1757378205909077000, 1190,  649,        0,    0,    0
3758096388, 1757378205909077000, 1757378205909077000, 1185, 1044,        0,    0,    0
3758096388, 1757378205909077000, 1757378205909077000, 1180,  433,        0,    0,    0
3758096388, 1757378205909077000, 1757378205909077000, 1175,  210,        0,    0,    0
3489660931, 1757378205909077000, 1757378205909077000, 1220,    0,        0,    0,    0
3489660932, 1757378205909077000, 1757378205909077000, 1200, 1689,        0,    0,    0
3489660932, 1757378205909077000, 1757378205909077000, 1205, 1364,        0,    0,    0
3489660932, 1757378205909077000, 1757378205909077000, 1210, 1774,        0,    0,    0
3489660932, 1757378205909077000, 1757378205909077000, 1215,  690,        0,    0,    0
3489660932, 1757378205909077000, 1757378205909077000, 1220,  810,        0,    0,    0
3758096387, 1757378210926803000, 1757378210926803000, 1175,    0,        0,    0,    0
3758096388, 1757378210926803000, 1757378210926803000, 1195,  495,        0,    0,    0
3758096388, 1757378210926803000, 1757378210926803000, 1190,  649,        0,    0,    0
3758096388, 1757378210926803000, 1757378210926803000, 1185, 1046,        0,    0,    0
3758096388, 1757378210926803000, 1757378210926803000, 1180,  435,        0,    0,    0
3758096388, 1757378210926803000, 1757378210926803000, 1175,  210,        0,    0,    0
3489660931, 1757378210926803000, 1757378210926803000, 1220,    0,        0,    0,    0
3489660932, 1757378210926803000, 1757378210926803000, 1200, 1696,        0,    0,    0
3489660932, 1757378210926803000, 1757378210926803000, 1205, 1365,        0,    0,    0
3489660932, 1757378210926803000, 1757378210926803000, 1210, 1775,        0,    0,    0
3489660932, 1757378210926803000, 1757378210926803000, 1215,  691,        0,    0,    0
3489660932, 1757378210926803000, 1757378210926803000, 1220,  810,        0,    0,    0
3758096387, 1757378215944426000, 1757378215944426000, 1175,    0,        0,    0,    0
3758096388, 1757378215944426000, 1757378215944426000, 1195,  495,        0,    0,    0
3758096388, 1757378215944426000, 1757378215944426000, 1190,  649,        0,    0,    0
3758096388, 1757378215944426000, 1757378215944426000, 1185, 1047,        0,    0,    0
3758096388, 1757378215944426000, 1757378215944426000, 1180,  435,        0,    0,    0
3758096388, 1757378215944426000, 1757378215944426000, 1175,  210,        0,    0,    0
3489660931, 1757378215944426000, 1757378215944426000, 1220,    0,        0,    0,    0
3489660932, 1757378215944426000, 1757378215944426000, 1200, 1716,        0,    0,    0
3489660932, 1757378215944426000, 1757378215944426000, 1205, 1366,        0,    0,    0
3489660932, 1757378215944426000, 1757378215944426000, 1210, 1778,        0,    0,    0
3489660932, 1757378215944426000, 1757378215944426000, 1215,  700,        0,    0,    0
3489660932, 1757378215944426000, 1757378215944426000, 1220,  810,        0,    0,    0
3758096387, 1757378220961057000, 1757378220961057000, 1175,    0,        0,    0,    0
3758096388, 1757378220961057000, 1757378220961057000, 1195,  500,        0,    0,    0
3758096388, 1757378220961057000, 1757378220961057000, 1190,  648,        0,    0,    0
3758096388, 1757378220961057000, 1757378220961057000, 1185, 1047,        0,    0,    0
